day_of_year,month,day_of_week_num,site_users,season_index,nonpotable_demand_l,greywater_collected_l,greywater_recycled_l,recycling_efficiency,tank_average_l,valve_open_hours,pump_active_hours,ph,tds_mg_l,turbidity_ntu,temperature_c,maintenance_event,greywater_capture_ratio,reuse_to_demand_ratio,weekday
1,11,5,44,0.9679,617.27,675.89,618.01,0.9144,454.72,11.48,8.07,7.074,470.7,4.118,18.31,0,1.0932,0.9996,0
2,11,6,40,0.9691,460.32,470.2,388.21,0.8256,503.76,7.37,5.04,7.188,427.74,3.663,16.82,0,1.0192,0.8415,0
3,11,0,58,0.9704,647.25,809.32,700.01,0.8649,575.13,12.31,8.14,7.088,422.19,4.379,18.17,0,1.2485,1.0798,1
4,11,1,51,0.9717,599.47,767.0,648.7,0.8458,680.61,11.33,8.75,6.936,485.04,4.172,15.99,0,1.2773,1.0803,1
5,11,2,51,0.973,652.41,724.07,628.92,0.8686,746.01,11.27,8.44,7.311,448.9,5.069,18.85,0,1.1081,0.9625,1
6,11,3,55,0.9743,749.46,816.18,713.43,0.8741,798.58,13.66,9.83,7.086,395.6,5.165,18.04,0,1.0876,0.9507,1
7,11,4,56,0.9756,743.42,782.01,694.48,0.8881,859.09,13.59,10.19,6.869,373.68,4.077,18.74,0,1.0505,0.9329,1
8,11,5,46,0.9769,620.94,716.65,634.28,0.8851,906.73,11.96,8.05,6.757,406.3,5.872,18.55,0,1.1523,1.0198,0
9,11,6,48,0.9782,619.12,793.94,690.77,0.87,964.74,11.36,9.09,7.183,306.3,4.971,16.87,0,1.2803,1.1139,0
10,11,0,52,0.9796,632.31,867.5,799.39,0.9215,1000.0,13.82,7.74,7.173,369.42,5.474,18.06,0,1.3698,1.2622,1
11,11,1,53,0.9809,689.3,894.44,840.78,0.94,1000.0,12.79,9.91,7.124,336.18,4.36,17.68,0,1.2957,1.218,1
12,11,2,52,0.9822,609.67,820.04,729.83,0.89,1000.0,11.05,8.97,6.985,373.9,4.131,20.45,0,1.3429,1.1951,1
13,11,3,51,0.9836,681.38,697.68,604.37,0.8663,1000.0,12.21,9.89,6.673,439.51,4.931,18.66,0,1.0224,0.8857,1
14,11,4,48,0.9849,571.17,673.07,580.39,0.8623,1000.0,10.55,7.46,6.891,429.31,4.31,20.95,0,1.1763,1.0144,1
15,11,5,45,0.9863,661.71,672.35,580.8,0.8638,1000.0,10.5,8.46,6.91,339.55,5.018,18.77,0,1.0145,0.8764,0
16,11,6,42,0.9877,545.51,566.8,492.36,0.8687,1000.0,8.81,6.28,6.842,362.75,3.62,19.21,0,1.0371,0.9009,0
17,11,0,49,0.989,541.77,742.35,644.23,0.8678,1000.0,10.06,7.58,7.175,294.24,4.891,20.03,0,1.3677,1.1869,1
18,11,1,53,0.9904,642.85,761.17,680.62,0.8942,1000.0,13.14,9.48,7.031,502.53,4.479,20.81,0,1.1822,1.0571,1
19,11,2,52,0.9918,625.32,859.12,751.25,0.8744,1000.0,11.08,7.55,7.181,466.21,3.394,17.72,0,1.3717,1.1995,1
20,11,3,52,0.9931,668.88,724.73,650.6,0.8977,1000.0,14.64,9.04,6.689,406.02,5.214,19.81,0,1.0819,0.9712,1
21,11,4,55,0.9945,637.11,866.34,770.1,0.8889,1000.0,12.4,8.84,7.22,461.53,3.773,18.29,0,1.3577,1.2068,1
22,11,5,39,0.9959,496.11,610.06,554.21,0.9085,1000.0,8.7,7.06,7.185,305.23,4.777,19.05,0,1.2272,1.1149,0
23,11,6,48,0.9972,625.23,807.39,691.12,0.856,1000.0,13.08,7.86,6.65,420.8,4.908,21.02,0,1.2893,1.1036,0
24,11,0,48,0.9986,634.41,866.8,708.36,0.8172,1000.0,13.85,6.68,7.201,441.05,4.318,18.47,0,1.3642,1.1148,1
25,11,1,49,1.0,668.88,753.45,668.68,0.8875,1000.0,12.99,7.29,6.961,262.45,5.317,20.36,0,1.1248,0.9982,1
26,11,2,54,1.0014,754.33,662.64,579.68,0.8748,1000.0,11.91,9.46,7.363,458.08,3.433,21.47,0,0.8773,0.7675,1
27,11,3,56,1.0028,655.66,743.93,680.73,0.915,1000.0,13.42,7.63,6.797,444.66,4.782,21.62,0,1.1329,1.0367,1
28,11,4,52,1.0041,638.94,661.7,565.54,0.8547,1000.0,12.34,8.49,7.526,450.21,4.182,18.82,0,1.034,0.8837,1
29,11,5,47,1.0055,576.62,779.38,701.97,0.9007,1000.0,12.3,7.8,7.224,406.89,4.477,20.9,0,1.3493,1.2153,0
30,11,6,49,1.0069,614.33,803.81,696.45,0.8664,1000.0,11.77,8.6,6.935,392.36,4.112,19.51,0,1.3063,1.1318,0
31,12,0,50,1.0082,601.44,837.42,729.12,0.8707,1000.0,12.75,7.6,6.925,422.85,3.344,19.29,0,1.39,1.2103,1
32,12,1,53,1.0096,666.86,950.18,832.65,0.8763,1000.0,12.68,9.21,6.983,354.27,4.159,20.64,0,1.4227,1.2467,1
33,12,2,45,1.011,616.92,583.48,510.41,0.8748,1000.0,9.55,6.33,6.723,405.99,3.82,22.21,0,0.9443,0.826,1
34,12,3,51,1.0123,631.78,760.91,682.02,0.8963,1000.0,11.63,9.08,6.812,417.03,5.001,19.82,0,1.2025,1.0778,1
35,12,4,51,1.0137,721.93,819.4,717.38,0.8755,1000.0,14.54,9.85,7.385,429.29,4.01,20.42,0,1.1334,0.9923,1
36,12,5,46,1.0151,625.16,685.66,608.12,0.8869,1000.0,11.6,8.2,7.17,509.67,3.852,19.61,0,1.095,0.9712,0
37,12,6,46,1.0164,662.94,722.86,610.98,0.8452,1000.0,12.57,7.68,7.006,506.54,5.174,20.26,0,1.0887,0.9202,0
38,12,0,52,1.0178,707.05,936.41,814.98,0.8703,1000.0,14.32,9.71,6.866,428.56,4.55,22.67,0,1.3225,1.151,1
39,12,1,47,1.0191,557.64,685.41,604.88,0.8825,1000.0,10.9,7.81,6.946,307.98,4.461,21.37,0,1.2269,1.0828,1
40,12,2,51,1.0204,644.52,806.0,689.28,0.8552,1000.0,12.8,9.07,6.861,485.1,4.259,21.07,0,1.2486,1.0678,1
41,12,3,51,1.0218,699.28,868.08,768.7,0.8855,1000.0,14.19,9.49,7.048,513.37,3.903,21.3,0,1.2396,1.0977,1
42,12,4,53,1.0231,708.61,852.43,737.13,0.8647,1000.0,14.47,8.42,6.647,484.42,5.3,20.67,0,1.2013,1.0388,1
43,12,5,41,1.0244,512.29,566.08,505.14,0.8924,1000.0,8.81,5.67,7.098,443.12,3.348,20.76,0,1.1028,0.9841,0
44,12,6,47,1.0257,655.96,671.83,605.81,0.9017,1000.0,11.88,8.6,7.195,335.93,4.568,19.41,0,1.0226,0.9221,0
45,12,0,55,1.027,697.82,789.12,689.29,0.8735,1000.0,12.6,10.17,7.182,297.36,6.196,19.83,0,1.1292,0.9864,1
46,12,1,53,1.0283,668.91,901.78,760.48,0.8433,1000.0,13.64,8.68,6.71,372.76,4.696,23.42,0,1.3461,1.1352,1
47,12,2,51,1.0296,718.6,831.72,733.85,0.8823,1000.0,13.65,9.73,6.849,365.03,5.63,22.82,0,1.1558,1.0198,1
48,12,3,54,1.0309,744.53,869.45,763.61,0.8783,1000.0,12.88,10.57,7.385,419.62,4.27,23.31,0,1.1662,1.0243,1
49,12,4,52,1.0321,696.85,945.16,855.43,0.9051,1000.0,12.6,9.08,7.062,404.06,5.104,22.96,0,1.3544,1.2258,1
50,12,5,42,1.0334,570.78,509.02,478.48,0.94,1000.0,9.79,6.38,7.428,405.14,3.748,19.97,0,0.8902,0.8368,0
51,12,6,49,1.0346,648.09,771.25,679.32,0.8808,1000.0,12.85,9.05,6.695,472.22,3.163,21.27,0,1.1882,1.0466,0
52,12,0,50,1.0359,664.26,736.0,680.36,0.9244,1000.0,12.6,8.62,7.252,427.11,3.889,21.99,0,1.1063,1.0227,1
53,12,1,50,1.0371,684.0,838.97,698.09,0.8321,1000.0,14.48,10.08,7.115,489.32,3.829,22.49,0,1.2248,1.0191,1
54,12,2,46,1.0383,635.13,692.6,593.33,0.8567,1000.0,10.86,9.01,7.182,475.89,4.437,22.28,0,1.0888,0.9327,1
55,12,3,53,1.0395,689.59,923.7,815.51,0.8829,1000.0,14.25,9.37,6.893,495.02,5.509,22.7,0,1.3376,1.1809,1
56,12,4,50,1.0407,683.57,786.81,699.28,0.8888,1000.0,12.96,9.3,7.149,408.7,5.459,23.49,0,1.1493,1.0215,1
57,12,5,41,1.0419,590.41,809.54,684.85,0.846,1000.0,11.35,8.1,6.917,400.54,4.133,20.64,0,1.3688,1.158,0
58,12,6,48,1.043,643.28,818.44,726.07,0.8871,1000.0,12.17,8.38,7.35,361.7,3.626,21.87,0,1.2703,1.1269,0
59,12,0,49,1.0442,724.61,728.14,625.37,0.8589,1000.0,14.8,8.53,6.829,345.22,4.178,22.84,0,1.0035,0.8619,1
60,12,1,50,1.0453,706.96,754.55,657.99,0.872,1000.0,15.02,8.89,6.858,478.27,5.193,22.26,0,1.0658,0.9294,1
61,12,2,53,1.0465,725.88,847.19,733.87,0.8662,1000.0,13.57,10.34,6.688,321.0,4.92,22.83,0,1.1655,1.0096,1
62,1,3,60,1.0476,758.67,973.66,839.32,0.862,1000.0,15.56,10.01,6.887,384.98,5.129,23.55,0,1.2817,1.1048,1
63,1,4,54,1.0487,722.07,802.37,728.5,0.9079,1000.0,13.27,9.88,7.271,408.38,3.82,23.9,0,1.1097,1.0075,1
64,1,5,50,1.0498,606.78,751.71,637.38,0.8479,1000.0,12.61,7.72,7.003,396.28,3.374,22.4,0,1.2368,1.0487,0
65,1,6,48,1.0508,639.95,644.31,584.41,0.907,1000.0,12.1,8.03,7.174,446.41,4.943,22.05,0,1.0052,0.9118,0
66,1,0,51,1.0519,705.67,863.56,763.38,0.884,1000.0,12.86,8.14,7.333,474.19,4.358,22.45,0,1.222,1.0802,1
67,1,1,48,1.0529,657.37,769.32,682.23,0.8868,1000.0,13.65,9.17,7.067,388.88,5.115,22.78,0,1.1685,1.0362,1
68,1,2,56,1.054,746.75,962.16,878.01,0.9125,1000.0,13.32,9.73,7.207,539.68,4.81,22.7,0,1.2867,1.1742,1
69,1,3,51,1.055,747.6,960.79,851.35,0.8861,1000.0,16.57,10.31,7.451,400.79,3.89,24.87,0,1.2834,1.1373,1
70,1,4,47,1.056,674.53,718.94,612.44,0.8519,1000.0,12.3,9.9,7.039,507.1,4.154,25.72,0,1.0643,0.9066,1
71,1,5,42,1.0569,657.63,650.63,562.26,0.8642,1000.0,12.58,8.77,6.753,501.78,4.325,23.08,0,0.9879,0.8537,0
72,1,6,45,1.0579,641.82,735.41,642.39,0.8735,1000.0,12.6,9.34,6.946,484.19,5.499,23.79,0,1.144,0.9993,0
73,1,0,50,1.0588,779.54,793.83,650.37,0.8193,1000.0,12.81,10.01,7.255,416.94,4.857,23.11,1,1.017,0.8332,1
74,1,1,50,1.0598,682.42,748.61,658.7,0.8799,1000.0,13.53,9.44,7.41,392.78,4.722,23.23,0,1.0954,0.9638,1
75,1,2,52,1.0607,767.84,978.12,834.96,0.8536,1000.0,15.55,10.31,6.828,540.07,4.35,22.28,0,1.2722,1.086,1
76,1,3,56,1.0616,757.83,968.78,832.99,0.8598,1000.0,16.05,10.36,7.2,452.72,3.365,23.57,0,1.2767,1.0977,1
77,1,4,50,1.0624,675.13,921.71,790.6,0.8578,1000.0,12.12,9.15,7.175,403.36,5.182,23.26,0,1.3632,1.1693,1
78,1,5,47,1.0633,594.97,789.16,698.59,0.8852,1000.0,12.01,7.02,6.842,331.59,4.495,23.79,0,1.3242,1.1722,0
79,1,6,47,1.0641,683.9,710.13,620.04,0.8731,1000.0,13.62,9.37,6.705,472.64,5.17,25.18,0,1.0368,0.9053,0
80,1,0,50,1.0649,833.86,764.77,698.4,0.9132,1000.0,14.21,9.58,6.945,319.27,5.25,20.68,0,0.916,0.8365,1
81,1,1,54,1.0657,715.52,800.01,702.75,0.8784,1000.0,14.2,10.61,7.282,383.73,5.237,23.24,0,1.1165,0.9808,1
82,1,2,48,1.0665,666.13,854.39,785.74,0.9196,1000.0,12.31,9.46,7.397,515.65,4.469,24.95,0,1.2807,1.1778,1
83,1,3,50,1.0672,731.14,880.78,773.29,0.878,1000.0,14.84,8.85,6.682,432.23,4.467,24.43,0,1.203,1.0562,1
84,1,4,50,1.068,668.09,785.57,704.35,0.8966,1000.0,13.71,8.56,7.505,423.74,3.14,22.58,0,1.1741,1.0527,1
85,1,5,46,1.0687,671.14,639.37,581.11,0.9089,1000.0,12.43,8.7,7.186,344.56,5.042,26.61,0,0.9512,0.8646,0
86,1,6,40,1.0694,709.54,569.08,504.42,0.8864,1000.0,10.1,6.17,6.988,455.22,5.002,25.57,0,0.8009,0.7099,0
87,1,0,54,1.0701,728.76,891.88,774.31,0.8682,1000.0,14.71,9.37,6.802,456.46,5.469,23.63,0,1.2222,1.061,1
88,1,1,51,1.0707,750.12,801.39,690.22,0.8613,1000.0,14.4,10.35,6.76,313.98,4.976,24.37,0,1.0669,0.9189,1
89,1,2,53,1.0714,743.68,621.47,538.71,0.8668,1000.0,11.43,8.15,6.92,556.36,4.991,24.22,0,0.8345,0.7234,1
90,1,3,53,1.072,802.51,861.72,783.4,0.9091,1000.0,14.92,11.48,7.096,344.75,3.704,23.83,0,1.0724,0.975,1
91,1,4,49,1.0726,778.6,763.49,640.53,0.839,1000.0,12.29,8.59,7.003,400.07,5.254,24.63,0,0.9793,0.8216,1
92,1,5,46,1.0731,774.62,722.12,623.68,0.8637,1000.0,12.12,8.17,6.816,269.84,5.049,25.61,0,0.931,0.8041,0
93,2,6,43,1.0737,715.58,751.61,654.71,0.8711,1000.0,11.71,8.98,7.018,425.09,3.197,23.87,0,1.0489,0.9137,0
94,2,0,51,1.0742,730.11,820.36,709.51,0.8649,1000.0,14.21,10.41,6.863,422.04,4.977,25.96,0,1.1221,0.9705,1
95,2,1,52,1.0747,751.37,888.64,750.72,0.8448,1000.0,14.4,10.87,6.852,521.26,5.384,24.5,0,1.1811,0.9978,1
96,2,2,51,1.0752,787.99,905.74,808.16,0.8923,1000.0,15.54,10.87,7.132,394.68,4.884,24.55,0,1.148,1.0243,1
97,2,3,51,1.0756,776.42,901.04,783.64,0.8697,1000.0,14.52,10.44,7.669,472.35,6.972,24.53,0,1.159,1.008,1
98,2,4,51,1.0761,719.57,995.51,901.7,0.9058,1000.0,15.03,10.25,7.134,444.88,3.782,25.85,0,1.3816,1.2514,1
99,2,5,49,1.0765,728.62,799.42,720.73,0.9016,1000.0,15.25,10.12,6.805,376.94,6.836,25.68,0,1.0957,0.9878,0
100,2,6,41,1.0769,683.8,682.76,608.1,0.8906,1000.0,12.92,8.56,7.126,457.52,4.285,25.54,0,0.997,0.888,0
101,2,0,53,1.0773,829.58,974.26,863.63,0.8864,1000.0,15.75,10.73,6.906,433.88,5.052,23.77,0,1.173,1.0398,1
102,2,1,51,1.0776,722.14,816.24,681.09,0.8344,1000.0,13.76,9.58,6.722,560.71,5.866,24.88,0,1.1287,0.9419,1
103,2,2,52,1.0779,770.51,831.99,711.21,0.8548,1000.0,16.08,10.3,6.861,394.67,3.576,28.2,0,1.0784,0.9218,1
104,2,3,55,1.0782,808.28,879.26,758.79,0.863,1000.0,14.47,10.67,7.027,399.97,3.711,25.96,0,1.0865,0.9376,1
105,2,4,52,1.0785,773.62,883.39,791.0,0.8954,1000.0,15.39,9.75,6.951,402.17,2.298,23.93,0,1.1404,1.0211,1
106,2,5,46,1.0788,709.99,740.35,644.29,0.8703,1000.0,12.95,9.11,7.024,376.44,2.882,24.88,0,1.0413,0.9062,0
107,2,6,44,1.079,758.1,825.64,709.17,0.8589,1000.0,14.44,9.95,6.767,362.63,4.34,25.5,0,1.0877,0.9342,0
108,2,0,52,1.0792,736.75,811.84,705.56,0.8691,1000.0,13.99,8.58,6.782,350.15,4.915,24.37,0,1.1004,0.9564,1
109,2,1,52,1.0794,733.98,868.91,759.06,0.8736,1000.0,13.71,9.89,7.045,379.74,4.906,27.1,0,1.1822,1.0328,1
110,2,2,49,1.0795,809.1,640.09,569.05,0.889,1000.0,10.94,8.1,7.032,394.16,4.711,27.48,0,0.7901,0.7024,1
111,2,3,47,1.0797,668.91,927.43,856.07,0.9231,1000.0,13.68,9.24,7.117,429.36,5.789,25.61,0,1.3844,1.2779,1
112,2,4,49,1.0798,721.94,810.16,712.26,0.8792,1000.0,14.86,9.08,7.245,441.72,4.43,26.82,0,1.1206,0.9852,1
113,2,5,46,1.0799,677.18,814.86,677.62,0.8316,1000.0,11.95,9.15,6.854,477.14,5.221,27.08,0,1.2015,0.9992,0
114,2,6,51,1.0799,771.63,856.11,793.19,0.9265,1000.0,14.88,9.99,7.007,450.55,5.025,27.41,0,1.108,1.0266,0
115,2,0,56,1.08,796.45,948.97,823.84,0.8681,1000.0,15.3,9.85,6.838,425.24,5.477,26.56,0,1.19,1.0331,1
116,2,1,52,1.08,736.71,890.47,780.88,0.8769,1000.0,13.63,9.77,6.843,354.96,3.874,25.06,0,1.2071,1.0585,1
117,2,2,53,1.08,795.16,963.44,843.79,0.8758,1000.0,14.85,10.31,6.89,365.79,4.781,23.83,0,1.2101,1.0598,1
118,2,3,55,1.08,817.91,895.28,801.99,0.8958,1000.0,15.49,11.34,7.058,418.99,5.207,26.26,0,1.0933,0.9793,1
119,2,4,48,1.0799,770.86,876.25,782.55,0.8931,1000.0,15.21,11.12,7.233,336.81,4.367,25.25,0,1.1352,1.0138,1
120,2,5,41,1.0798,741.59,643.99,557.32,0.8654,1000.0,10.37,7.53,7.478,409.8,4.67,26.21,0,0.8672,0.7505,0
121,3,6,44,1.0797,719.85,827.35,672.42,0.8127,1000.0,13.85,10.39,6.969,401.36,5.42,26.07,1,1.1477,0.9328,0
122,3,0,45,1.0796,758.58,808.57,710.72,0.879,1000.0,15.14,10.02,7.429,371.88,5.063,25.61,0,1.0645,0.9357,1
123,3,1,49,1.0795,708.56,758.75,660.99,0.8712,1000.0,13.0,9.07,6.747,369.76,4.032,24.84,0,1.0693,0.9315,1
124,3,2,46,1.0793,823.62,852.99,740.81,0.8685,1000.0,15.92,10.22,7.11,301.31,4.526,24.3,0,1.0344,0.8984,1
125,3,3,59,1.0791,820.74,954.3,826.83,0.8664,1000.0,16.16,12.2,7.191,408.49,2.891,25.97,0,1.1613,1.0062,1
126,3,4,54,1.0789,885.71,983.47,915.27,0.9307,1000.0,17.97,12.34,6.93,452.97,6.567,26.41,0,1.1091,1.0322,1
127,3,5,47,1.0786,765.13,779.62,656.68,0.8423,1000.0,14.33,9.56,7.015,430.65,3.864,27.36,0,1.0176,0.8571,0
128,3,6,49,1.0784,686.33,812.58,739.31,0.9098,1000.0,13.46,9.07,7.456,483.49,3.49,26.87,0,1.1822,1.0756,0
129,3,0,52,1.0781,854.27,886.34,754.19,0.8509,1000.0,15.51,11.52,6.793,422.76,2.955,24.14,0,1.0363,0.8818,1
130,3,1,49,1.0778,757.01,831.2,733.38,0.8823,1000.0,13.85,9.9,7.56,414.06,2.329,26.05,0,1.0966,0.9675,1
131,3,2,47,1.0774,796.44,733.02,674.86,0.9207,1000.0,13.91,9.49,6.832,410.8,3.414,27.62,0,0.9192,0.8463,1
132,3,3,56,1.0771,814.67,964.82,824.12,0.8542,1000.0,15.55,11.07,7.004,403.65,3.21,25.23,0,1.1829,1.0104,1
133,3,4,50,1.0767,774.12,788.54,675.1,0.8561,1000.0,13.98,9.86,7.032,406.26,3.77,26.35,0,1.0173,0.871,1
134,3,5,48,1.0763,713.45,855.77,742.65,0.8678,1000.0,14.99,9.75,6.935,464.13,5.621,25.48,0,1.1978,1.0395,0
135,3,6,43,1.0759,662.08,655.15,560.57,0.8556,1000.0,12.56,7.89,6.754,274.45,4.152,26.23,0,0.988,0.8454,0
136,3,0,52,1.0754,895.59,773.2,690.94,0.8936,1000.0,14.49,10.03,6.598,400.23,6.647,25.97,0,0.8624,0.7706,1
137,3,1,48,1.075,706.72,843.04,746.46,0.8854,1000.0,14.47,10.48,7.137,324.72,5.847,24.68,0,1.1912,1.0547,1
138,3,2,53,1.0745,830.18,959.87,840.24,0.8754,1000.0,16.99,11.72,7.073,410.14,5.114,24.46,0,1.1548,1.0109,1
139,3,3,56,1.0739,858.08,833.45,738.08,0.8856,1000.0,14.78,9.54,7.152,417.3,5.686,25.44,0,0.9702,0.8592,1
140,3,4,51,1.0734,747.98,816.81,767.8,0.94,1000.0,14.57,10.56,7.229,482.1,3.778,26.66,0,1.0906,1.0251,1
141,3,5,43,1.0728,748.73,685.2,603.58,0.8809,1000.0,11.41,7.82,6.806,323.04,5.947,24.02,0,0.9139,0.8051,0
142,3,6,43,1.0723,748.22,667.86,605.57,0.9067,1000.0,12.72,8.15,6.847,455.57,5.664,26.01,0,0.8914,0.8083,0
143,3,0,54,1.0717,840.29,866.09,767.32,0.886,1000.0,14.63,10.65,7.168,438.54,4.78,28.65,0,1.0295,0.9121,1
144,3,1,52,1.071,822.02,927.84,787.71,0.849,1000.0,15.66,12.18,7.314,499.36,5.406,26.34,0,1.1274,0.9571,1
145,3,2,51,1.0704,734.31,919.86,796.78,0.8662,1000.0,13.46,9.77,6.94,460.29,4.179,25.9,0,1.251,1.0836,1
146,3,3,48,1.0697,724.84,717.13,557.54,0.7775,997.3,12.01,6.84,6.886,357.22,4.823,28.24,1,0.988,0.7681,1
147,3,4,50,1.0691,862.73,742.87,638.99,0.8602,997.3,12.17,9.11,7.119,325.5,3.565,26.0,0,0.8601,0.7398,1
148,3,5,45,1.0683,735.24,779.79,690.2,0.8851,1000.0,14.86,10.82,7.274,423.49,4.172,24.37,0,1.0592,0.9375,0
149,3,6,47,1.0676,665.02,728.27,646.21,0.8873,1000.0,13.83,8.18,6.995,441.21,4.986,26.16,0,1.0935,0.9703,0
150,3,0,54,1.0669,754.41,900.1,784.96,0.8721,1000.0,14.77,9.94,6.955,350.3,5.722,25.19,0,1.1915,1.0391,1
151,3,1,53,1.0661,805.32,751.91,661.64,0.8799,1000.0,14.91,9.69,7.154,500.82,5.559,28.44,0,0.9325,0.8206,1
152,4,2,52,1.0653,796.51,766.52,681.83,0.8895,1000.0,14.11,9.25,6.881,495.99,5.505,25.92,0,0.9611,0.8549,1
153,4,3,49,1.0645,780.54,747.6,664.12,0.8883,1000.0,14.38,9.14,7.29,465.18,4.566,24.9,0,0.9566,0.8498,1
154,4,4,45,1.0637,691.31,826.61,729.11,0.882,1000.0,13.86,9.97,6.703,331.79,4.988,25.12,0,1.194,1.0532,1
155,4,5,48,1.0629,750.95,733.34,643.98,0.8781,1000.0,12.59,9.22,6.904,460.67,5.819,26.41,0,0.9753,0.8564,0
156,4,6,47,1.062,748.72,814.51,703.94,0.8642,1000.0,14.49,10.98,7.015,487.65,4.109,25.19,0,1.0864,0.9389,0
157,4,0,55,1.0611,785.65,880.69,755.31,0.8576,1000.0,14.62,10.61,7.334,473.44,3.988,24.57,0,1.1195,0.9602,1
158,4,1,51,1.0602,709.56,878.04,752.58,0.8571,1000.0,15.25,11.04,7.071,415.25,4.683,27.25,0,1.2357,1.0591,1
159,4,2,53,1.0593,738.87,949.32,873.22,0.9198,1000.0,13.81,10.48,7.149,479.72,4.186,23.03,0,1.2831,1.1802,1
160,4,3,57,1.0584,832.39,858.18,715.71,0.834,1000.0,14.55,10.1,7.025,351.52,3.593,24.66,0,1.0297,0.8588,1
161,4,4,55,1.0574,812.33,1085.34,902.7,0.8317,1000.0,16.54,11.83,7.558,441.5,5.145,23.67,0,1.3344,1.1099,1
162,4,5,44,1.0564,694.41,762.41,641.36,0.8412,1000.0,11.78,9.27,7.177,384.4,4.968,26.45,0,1.0963,0.9223,0
163,4,6,43,1.0555,668.4,803.36,731.53,0.9106,1000.0,12.96,8.96,6.879,406.11,3.284,26.33,0,1.2001,1.0928,0
164,4,0,48,1.0545,743.58,810.63,692.17,0.8539,1000.0,15.2,9.42,6.844,471.39,5.612,24.51,0,1.0887,0.9296,1
165,4,1,45,1.0534,792.31,513.26,439.27,0.8558,1000.0,9.95,5.7,7.175,492.28,3.376,26.72,0,0.647,0.5537,1
166,4,2,53,1.0524,794.97,836.43,726.91,0.8691,1000.0,14.72,10.62,7.042,474.26,2.716,24.23,0,1.0508,0.9132,1
167,4,3,50,1.0514,818.2,813.45,718.23,0.8829,1000.0,15.09,9.88,7.064,456.7,3.93,24.69,0,0.993,0.8767,1
168,4,4,53,1.0503,797.67,902.04,784.31,0.8695,1000.0,15.59,10.27,7.297,382.28,4.938,24.55,0,1.1294,0.982,1
169,4,5,44,1.0492,675.68,831.28,698.25,0.84,1000.0,11.94,8.74,7.175,393.05,3.384,21.44,0,1.2285,1.0319,0
170,4,6,49,1.0481,697.21,722.33,635.17,0.8793,1000.0,12.96,8.42,6.949,500.41,4.116,26.44,0,1.0345,0.9097,0
171,4,0,50,1.047,708.61,925.67,805.0,0.8696,1000.0,12.37,10.11,6.981,466.87,4.161,23.83,0,1.3045,1.1344,1
172,4,1,48,1.0459,664.32,794.79,708.73,0.8917,1000.0,13.73,9.15,6.875,458.25,5.504,25.34,0,1.1946,1.0652,1
173,4,2,52,1.0448,697.58,835.32,759.37,0.9091,1000.0,14.17,10.01,6.84,403.6,4.965,25.01,0,1.1957,1.087,1
174,4,3,56,1.0436,725.47,1103.05,983.33,0.8915,1000.0,14.09,10.51,6.837,429.19,5.458,26.54,0,1.5184,1.3536,1
175,4,4,47,1.0425,771.44,684.71,619.54,0.9048,998.9,13.26,8.91,6.936,484.64,3.864,25.55,0,0.8864,0.8021,1
176,4,5,41,1.0413,628.13,761.54,685.85,0.9006,998.9,10.95,8.59,6.955,412.18,5.717,23.19,0,1.2105,1.0902,0
177,4,6,42,1.0401,669.08,781.98,660.1,0.8441,1000.0,14.01,9.24,6.806,570.24,5.684,24.21,0,1.167,0.9851,0
178,4,0,50,1.0389,739.12,785.96,713.68,0.908,1000.0,15.27,9.52,6.778,430.01,6.754,23.2,0,1.0619,0.9643,1
179,4,1,51,1.0377,732.44,724.33,651.91,0.9,1000.0,12.99,9.16,6.906,456.67,5.097,25.54,0,0.9876,0.8888,1
180,4,2,53,1.0365,721.18,836.9,730.1,0.8724,1000.0,14.89,10.17,6.957,426.62,4.091,23.41,0,1.1589,1.011,1
181,4,3,53,1.0352,773.95,856.96,724.73,0.8457,1000.0,13.38,10.1,7.029,279.46,3.111,24.7,0,1.1058,0.9352,1
182,5,4,47,1.034,612.13,818.75,706.39,0.8628,1000.0,12.92,7.95,6.784,439.96,5.147,25.38,0,1.3354,1.1521,1
183,5,5,45,1.0327,767.6,713.01,647.37,0.9079,1000.0,13.06,8.87,7.473,494.15,4.655,25.07,0,0.9277,0.8423,0
184,5,6,42,1.0315,620.4,602.11,538.03,0.8936,1000.0,11.08,7.28,6.92,447.57,3.689,25.68,0,0.969,0.8658,0
185,5,0,49,1.0302,692.59,902.33,810.76,0.8985,1000.0,15.0,9.65,6.852,440.39,4.412,23.4,0,1.301,1.1689,1
186,5,1,50,1.0289,746.35,866.22,758.02,0.8751,1000.0,14.55,9.33,7.387,410.87,5.394,23.9,0,1.1591,1.0143,1
187,5,2,52,1.0276,800.85,850.13,752.18,0.8848,1000.0,14.48,10.85,7.058,335.26,4.712,23.89,0,1.0602,0.9381,1
188,5,3,48,1.0264,734.16,792.2,684.55,0.8641,1000.0,14.89,9.62,7.192,439.01,5.45,24.3,0,1.0776,0.9312,1
189,5,4,49,1.025,626.48,774.22,688.89,0.8898,1000.0,11.64,7.25,7.496,376.34,3.999,23.99,0,1.2339,1.0979,1
190,5,5,41,1.0237,596.13,710.72,619.91,0.8722,1000.0,11.14,8.92,7.133,401.08,3.801,24.07,0,1.1902,1.0381,0
191,5,6,43,1.0224,589.63,702.92,589.16,0.8382,1000.0,12.38,7.71,6.815,472.9,5.602,24.44,0,1.1901,0.9975,0
192,5,0,52,1.0211,693.49,819.36,701.3,0.8559,1000.0,13.41,9.21,6.726,426.79,4.99,25.32,0,1.1798,1.0098,1
193,5,1,46,1.0198,675.34,704.96,632.75,0.8976,1000.0,13.04,9.05,7.259,472.19,4.49,24.59,0,1.0423,0.9356,1
194,5,2,51,1.0184,709.31,833.12,742.88,0.8917,1000.0,14.54,9.96,7.186,429.22,5.747,23.35,0,1.1729,1.0459,1
195,5,3,49,1.0171,749.98,769.6,689.36,0.8957,1000.0,14.54,8.86,7.094,376.84,4.293,22.72,0,1.0248,0.9179,1
196,5,4,51,1.0157,681.81,797.52,719.72,0.9024,1000.0,13.94,8.31,7.319,393.56,3.712,23.87,0,1.168,1.0541,1
197,5,5,45,1.0144,679.26,663.39,581.58,0.8767,1000.0,11.66,8.29,7.248,511.73,2.573,22.88,0,0.9752,0.8549,0
198,5,6,42,1.013,632.45,763.79,668.98,0.8759,1000.0,12.76,8.67,6.765,482.24,3.024,23.82,0,1.2058,1.0561,0
199,5,0,45,1.0117,641.4,743.74,637.89,0.8577,1000.0,13.22,8.42,7.193,483.63,4.507,23.24,0,1.1578,0.993,1
200,5,1,55,1.0103,789.82,817.75,699.8,0.8558,1000.0,13.94,10.18,6.964,361.66,5.152,22.08,0,1.0341,0.8849,1
201,5,2,49,1.0089,637.7,792.6,668.69,0.8437,1000.0,12.26,8.14,6.926,517.7,5.118,22.85,0,1.241,1.047,1
202,5,3,55,1.0076,739.85,876.14,736.76,0.8409,1000.0,13.56,9.51,6.917,424.85,3.428,22.73,0,1.1826,0.9945,1
203,5,4,50,1.0062,700.83,751.62,657.51,0.8748,1000.0,14.75,9.16,6.863,465.92,6.074,23.66,0,1.0709,0.9369,1
204,5,5,41,1.0048,699.45,534.25,473.24,0.8858,1000.0,10.87,6.66,6.905,422.43,5.528,23.18,0,0.7627,0.6756,0
205,5,6,46,1.0034,652.22,658.8,577.6,0.8767,998.94,11.95,8.16,7.382,347.98,3.398,22.96,0,1.0085,0.8842,0
206,5,0,49,1.0021,609.9,742.38,657.51,0.8857,998.94,11.8,8.49,7.064,420.93,5.977,23.24,0,1.2152,1.0763,1
207,5,1,51,1.0007,683.22,857.2,759.14,0.8856,1000.0,13.82,10.08,7.009,401.67,4.206,23.41,0,1.2528,1.1095,1
208,5,2,52,0.9993,602.43,678.79,594.09,0.8752,1000.0,11.77,8.16,7.366,526.34,5.554,20.6,0,1.1249,0.9845,1
209,5,3,54,0.9979,758.44,774.55,695.23,0.8976,1000.0,14.54,9.7,7.357,440.82,3.877,21.36,0,1.0199,0.9155,1
210,5,4,52,0.9966,672.14,878.7,793.36,0.9029,1000.0,13.49,8.82,7.121,503.05,3.193,20.47,0,1.3054,1.1786,1
211,5,5,43,0.9952,590.76,702.46,561.5,0.7993,1000.0,10.2,8.35,6.646,422.74,3.038,24.84,0,1.1871,0.9489,0
212,5,6,42,0.9938,599.08,671.62,578.56,0.8614,1000.0,11.53,6.81,6.771,394.08,3.713,22.93,0,1.1192,0.9641,0
213,6,0,50,0.9924,678.34,786.68,686.27,0.8724,1000.0,12.59,9.02,7.033,395.61,4.838,21.16,0,1.158,1.0102,1
214,6,1,46,0.9911,597.35,503.22,465.76,0.9255,1000.0,9.66,7.06,6.994,374.66,5.714,22.28,0,0.841,0.7784,1
215,6,2,55,0.9897,733.42,801.03,739.26,0.9229,1000.0,14.66,10.24,6.891,405.83,2.55,23.13,0,1.0907,1.0066,1
216,6,3,46,0.9883,642.75,678.89,568.38,0.8372,1000.0,10.72,7.53,6.532,402.91,4.474,21.05,0,1.0546,0.8829,1
217,6,4,54,0.987,680.7,891.9,804.4,0.9019,1000.0,12.31,8.66,6.777,389.04,5.39,20.67,0,1.3083,1.18,1
218,6,5,48,0.9856,570.32,694.85,566.8,0.8157,1000.0,10.44,7.86,6.826,527.72,4.216,21.31,0,1.2162,0.9921,0
219,6,6,44,0.9843,544.26,583.8,468.7,0.8029,1000.0,9.93,6.43,6.915,452.35,4.888,20.55,1,1.0707,0.8596,0
220,6,0,47,0.9829,745.95,911.01,775.85,0.8516,1000.0,15.62,9.8,7.0,447.78,5.7,20.72,0,1.2196,1.0387,1
221,6,1,53,0.9816,624.61,806.07,709.7,0.8804,1000.0,10.97,8.07,6.792,358.85,5.123,20.65,0,1.2885,1.1344,1
222,6,2,53,0.9802,664.87,886.97,793.45,0.8946,1000.0,13.04,7.37,7.201,465.29,6.213,22.1,0,1.332,1.1916,1
223,6,3,48,0.9789,678.83,725.31,652.83,0.9001,1000.0,12.38,8.58,7.332,315.72,5.161,19.61,0,1.0669,0.9603,1
224,6,4,48,0.9776,605.64,782.56,716.94,0.9162,1000.0,10.67,7.41,6.856,406.48,4.645,21.18,0,1.29,1.1818,1
225,6,5,45,0.9763,519.64,655.91,564.48,0.8606,1000.0,10.82,7.43,6.967,412.19,5.025,22.54,0,1.2598,1.0842,0
226,6,6,44,0.975,518.49,744.96,646.96,0.8684,1000.0,10.86,6.8,7.307,386.63,4.195,20.47,0,1.434,1.2454,0
227,6,0,57,0.9736,768.78,877.26,751.92,0.8571,1000.0,13.93,9.86,7.033,385.19,3.686,22.6,0,1.1396,0.9768,1
228,6,1,50,0.9724,535.28,703.11,649.25,0.9234,1000.0,10.56,6.98,6.962,445.32,5.284,21.04,0,1.3111,1.2107,1
229,6,2,54,0.9711,643.84,821.39,691.83,0.8423,1000.0,12.21,8.93,7.632,489.44,2.774,19.5,0,1.2738,1.0729,1
230,6,3,59,0.9698,704.89,904.12,787.65,0.8712,1000.0,13.37,9.81,7.3,448.42,6.869,19.99,0,1.2808,1.1158,1
231,6,4,50,0.9685,655.97,842.65,757.65,0.8991,1000.0,12.32,9.44,6.963,384.43,5.787,18.74,0,1.2826,1.1532,1
232,6,5,46,0.9673,561.01,773.05,667.91,0.864,1000.0,9.63,7.3,6.661,483.1,4.111,20.42,0,1.3755,1.1884,0
233,6,6,43,0.966,571.29,593.03,526.61,0.888,1000.0,10.14,7.7,7.373,382.81,5.27,20.14,0,1.0362,0.9202,0
234,6,0,48,0.9648,628.24,667.41,591.95,0.8869,1000.0,12.12,9.05,6.99,393.33,4.844,20.51,0,1.0607,0.9407,1
235,6,1,49,0.9635,705.69,701.19,646.44,0.9219,1000.0,12.81,8.99,7.013,370.35,3.868,20.12,0,0.9922,0.9147,1
236,6,2,53,0.9623,706.31,617.98,519.0,0.8398,1000.0,10.35,8.19,6.842,366.61,4.406,23.12,0,0.8737,0.7338,1
237,6,3,49,0.9611,681.41,808.07,726.9,0.8995,1000.0,14.2,9.63,7.124,343.83,3.421,22.84,0,1.1841,1.0652,1
238,6,4,45,0.9599,663.66,638.71,580.62,0.909,1000.0,11.66,7.35,6.77,412.93,4.007,20.9,0,0.961,0.8736,1
239,6,5,48,0.9587,666.64,729.48,682.19,0.9352,1000.0,12.74,10.25,7.028,318.26,4.942,19.06,0,1.0926,1.0218,0
240,6,6,43,0.9575,515.53,627.95,543.36,0.8653,1000.0,9.81,6.37,7.316,533.44,3.832,19.25,0,1.2157,1.0519,0
241,6,0,54,0.9564,705.82,694.82,611.25,0.8797,1000.0,11.84,8.81,6.829,458.98,4.203,18.91,0,0.983,0.8648,1
242,6,1,47,0.9552,504.57,761.0,576.24,0.7572,1000.0,8.77,6.92,6.864,430.64,3.434,20.21,1,1.5052,1.1398,1
243,7,2,50,0.9541,568.43,664.05,579.87,0.8732,1000.0,10.3,8.46,7.48,539.64,4.145,17.71,0,1.1662,1.0183,1
244,7,3,53,0.953,688.05,702.08,626.2,0.8919,1000.0,13.02,9.21,7.418,331.36,4.474,21.41,0,1.0189,0.9088,1
245,7,4,52,0.9519,646.02,836.72,719.55,0.86,1000.0,12.62,7.9,7.069,461.17,4.477,21.43,0,1.2932,1.1121,1
246,7,5,44,0.9508,553.44,657.9,591.38,0.8989,1000.0,11.99,8.51,7.033,374.16,4.679,19.8,0,1.1866,1.0666,0
247,7,6,40,0.9497,574.47,504.21,453.63,0.8997,1000.0,9.96,7.18,7.351,437.04,4.695,18.61,0,0.8762,0.7883,0
248,7,0,54,0.9486,662.62,700.25,608.19,0.8685,1000.0,12.31,9.03,6.76,341.95,5.01,18.98,0,1.0552,0.9165,1
249,7,1,51,0.9476,715.92,832.45,720.67,0.8657,1000.0,13.91,8.29,6.792,484.37,5.531,19.27,0,1.1611,1.0052,1
250,7,2,45,0.9466,628.55,713.03,614.85,0.8623,1000.0,12.19,9.03,7.188,415.72,5.468,19.64,0,1.1326,0.9766,1
251,7,3,50,0.9455,618.13,703.73,636.65,0.9047,1000.0,12.43,8.43,7.096,415.97,4.188,20.13,0,1.1366,1.0283,1
252,7,4,51,0.9445,593.75,682.52,599.68,0.8786,1000.0,11.01,8.37,7.29,429.94,3.083,15.98,0,1.1476,1.0083,1
253,7,5,41,0.9436,636.71,633.12,573.62,0.906,1000.0,12.79,7.07,6.792,412.08,4.626,19.86,0,0.9928,0.8995,0
254,7,6,41,0.9426,524.55,667.02,595.81,0.8932,1000.0,10.01,7.1,7.058,442.25,4.317,15.95,0,1.2692,1.1337,0
255,7,0,51,0.9416,658.84,763.01,660.61,0.8658,1000.0,12.82,10.08,7.077,399.22,4.646,18.15,0,1.1564,1.0012,1
256,7,1,53,0.9407,635.84,727.82,683.26,0.9388,1000.0,12.74,8.01,7.015,467.53,4.58,19.01,0,1.1429,1.0729,1
257,7,2,48,0.9398,718.86,765.87,687.24,0.8973,1000.0,13.78,9.34,7.065,448.62,5.983,17.92,0,1.0639,0.9547,1
258,7,3,50,0.9389,577.18,641.94,563.47,0.8778,1000.0,11.37,7.62,7.092,486.14,5.337,18.23,0,1.1103,0.9746,1
259,7,4,54,0.938,657.09,734.29,642.98,0.8757,1000.0,11.87,8.67,7.029,378.49,3.95,19.41,0,1.1158,0.977,1
260,7,5,43,0.9371,549.44,748.6,652.63,0.8718,1000.0,9.28,8.08,7.294,418.2,6.083,17.87,0,1.36,1.1857,0
261,7,6,46,0.9363,539.07,625.33,556.81,0.8904,1000.0,11.85,7.77,6.876,358.91,3.725,17.03,0,1.1579,1.031,0
262,7,0,54,0.9355,591.46,981.11,841.77,0.858,1000.0,11.99,7.77,7.053,331.01,6.126,16.35,0,1.656,1.4208,1
263,7,1,46,0.9347,580.79,766.64,685.35,0.894,1000.0,11.5,7.99,7.395,401.14,4.163,19.89,0,1.3177,1.178,1
264,7,2,50,0.9339,631.48,854.59,702.01,0.8215,1000.0,12.53,8.46,7.382,518.7,5.026,19.04,0,1.3512,1.1099,1
265,7,3,47,0.9331,588.92,585.01,494.41,0.8451,1000.0,8.0,6.79,6.917,396.55,4.042,17.39,0,0.9917,0.8381,1
266,7,4,48,0.9324,647.65,732.19,635.51,0.868,1000.0,11.35,8.58,6.855,509.39,5.277,15.69,0,1.1288,0.9797,1
267,7,5,46,0.9317,583.0,644.11,604.23,0.9381,1000.0,10.88,7.82,7.365,423.8,4.079,18.69,0,1.1029,1.0346,0
268,7,6,42,0.9309,552.34,737.19,648.93,0.8803,1000.0,9.99,8.71,7.174,351.29,6.28,16.43,0,1.3323,1.1728,0
269,7,0,51,0.9303,593.86,697.93,587.47,0.8417,1000.0,11.56,8.05,7.126,331.3,4.157,18.86,0,1.1733,0.9876,1
270,7,1,54,0.9296,633.67,808.39,727.56,0.9,1000.0,11.58,8.26,7.305,404.29,3.805,15.89,0,1.2737,1.1464,1
271,7,2,44,0.929,622.91,623.63,531.23,0.8518,999.27,11.56,7.41,7.41,473.7,3.435,17.11,0,0.9996,0.8515,1
272,7,3,52,0.9283,619.14,770.1,686.18,0.891,999.27,11.51,9.08,6.971,273.65,4.054,16.24,0,1.2418,1.1065,1
273,7,4,51,0.9277,612.06,784.43,711.22,0.9067,1000.0,11.07,8.99,7.316,401.29,4.192,18.24,0,1.2795,1.1601,1
274,8,5,48,0.9272,687.78,716.31,609.9,0.8515,1000.0,12.61,7.5,7.177,501.26,4.56,17.57,0,1.04,0.8855,0
275,8,6,42,0.9266,512.77,522.61,451.16,0.8633,1000.0,9.58,6.69,7.466,434.4,5.193,16.97,0,1.0172,0.8781,0
276,8,0,54,0.9261,612.33,799.11,716.51,0.8966,1000.0,12.91,8.89,7.01,439.63,5.18,17.04,0,1.3029,1.1682,1
277,8,1,53,0.9255,677.78,690.9,635.44,0.9197,1000.0,12.88,7.93,7.039,513.73,3.118,18.07,0,1.0179,0.9362,1
278,8,2,55,0.925,662.26,763.56,663.48,0.8689,1000.0,13.4,8.6,6.739,443.55,5.065,16.26,0,1.1512,1.0003,1
279,8,3,51,0.9246,588.57,713.95,657.86,0.9214,1000.0,10.61,7.24,6.875,445.2,4.212,16.34,0,1.211,1.1158,1
280,8,4,52,0.9241,651.37,593.15,513.86,0.8663,1000.0,10.66,7.74,6.913,427.61,6.204,18.27,0,0.9092,0.7877,1
281,8,5,40,0.9237,505.0,576.31,512.48,0.8892,1000.0,10.85,7.09,7.098,415.34,4.518,17.82,0,1.139,1.0128,0
282,8,6,51,0.9233,618.89,629.82,548.45,0.8708,1000.0,10.81,7.54,7.142,349.97,5.877,14.56,0,1.016,0.8848,0
283,8,0,49,0.9229,661.47,696.02,613.76,0.8818,1000.0,13.38,8.65,7.099,361.58,6.39,18.88,0,1.0506,0.9265,1
284,8,1,51,0.9226,635.07,811.35,710.46,0.8757,1000.0,13.58,7.77,7.056,433.41,5.247,16.73,0,1.2756,1.117,1
285,8,2,54,0.9222,677.01,827.64,697.96,0.8433,1000.0,13.18,9.61,7.158,434.61,4.158,16.91,0,1.2207,1.0294,1
286,8,3,50,0.9219,605.83,776.52,711.28,0.916,1000.0,11.15,7.92,7.127,431.54,3.006,17.5,0,1.2796,1.1721,1
287,8,4,55,0.9216,711.8,861.64,797.51,0.9256,1000.0,13.41,9.58,6.812,394.31,4.933,16.92,0,1.2088,1.1188,1
288,8,5,44,0.9214,552.47,558.37,483.81,0.8665,1000.0,10.02,7.56,7.15,338.09,4.676,16.92,0,1.0089,0.8741,0
289,8,6,44,0.9211,609.55,695.04,651.25,0.937,1000.0,11.61,8.36,7.697,438.73,6.565,18.42,0,1.1384,1.0667,0
290,8,0,50,0.9209,625.91,695.45,623.28,0.8962,1000.0,11.19,9.21,6.807,351.18,4.236,17.55,0,1.1093,0.9942,1
291,8,1,51,0.9207,602.57,786.53,730.17,0.9283,1000.0,11.64,8.23,7.185,328.08,3.697,16.18,0,1.3031,1.2098,1
292,8,2,54,0.9205,641.7,784.79,607.22,0.7737,1000.0,12.27,8.48,6.818,385.71,2.713,17.49,1,1.2211,0.9448,1
293,8,3,46,0.9204,615.22,663.66,543.16,0.8184,1000.0,11.79,7.05,7.273,471.8,3.998,16.98,0,1.077,0.8814,1
294,8,4,50,0.9203,636.08,771.56,663.05,0.8594,1000.0,12.32,8.31,7.143,447.73,4.129,18.32,0,1.2111,1.0408,1
295,8,5,45,0.9202,529.96,689.53,572.26,0.8299,1000.0,9.75,8.23,6.629,453.04,3.878,15.27,0,1.2986,1.0778,0
296,8,6,40,0.9201,527.62,585.1,501.37,0.8569,1000.0,9.31,7.8,7.409,402.61,3.654,15.7,0,1.1068,0.9485,0
297,8,0,55,0.92,595.71,736.02,661.89,0.8993,1000.0,10.1,6.21,6.574,493.88,3.579,15.65,0,1.2335,1.1092,1
298,8,1,52,0.92,691.38,747.68,671.78,0.8985,1000.0,13.73,8.76,7.019,458.78,6.319,14.41,0,1.0799,0.9702,1
299,8,2,48,0.92,650.96,586.77,509.31,0.868,1000.0,11.29,6.73,6.439,473.62,6.45,16.14,0,0.9,0.7812,1
300,8,3,53,0.92,701.84,689.96,599.64,0.8691,1000.0,11.01,7.88,6.742,378.68,3.222,16.13,0,0.9817,0.8532,1
301,8,4,52,0.9201,614.22,634.77,539.37,0.8497,1000.0,10.78,7.91,6.611,407.61,3.757,15.38,0,1.0318,0.8767,1
302,8,5,43,0.9201,631.74,563.3,528.91,0.9389,996.97,10.81,7.21,7.116,448.05,4.527,15.53,0,0.8903,0.8359,0
303,8,6,46,0.9202,620.43,574.7,518.72,0.9026,990.28,9.59,7.21,7.108,404.47,4.495,14.4,0,0.9248,0.8347,0
304,8,0,56,0.9203,634.33,829.3,693.7,0.8365,993.3,12.98,8.38,7.051,256.99,6.352,16.37,0,1.3053,1.0919,1
305,9,1,47,0.9205,606.8,680.15,603.46,0.8872,1000.0,11.14,7.52,7.049,506.83,4.1,15.08,0,1.119,0.9929,1
306,9,2,52,0.9206,712.01,961.96,864.72,0.8989,1000.0,16.46,10.76,7.124,452.26,4.001,15.74,0,1.3492,1.2128,1
307,9,3,48,0.9208,600.84,850.52,781.39,0.9187,1000.0,11.66,8.36,7.555,394.97,3.811,15.99,0,1.4132,1.2983,1
308,9,4,57,0.921,834.84,739.44,621.46,0.8404,1000.0,12.66,8.76,7.334,407.04,6.211,17.34,0,0.8847,0.7435,1
309,9,5,39,0.9212,523.85,609.44,529.76,0.8693,1000.0,9.6,8.28,6.983,398.08,6.812,14.84,0,1.1612,1.0094,0
310,9,6,45,0.9215,494.85,581.77,511.24,0.8788,1000.0,10.71,7.38,6.876,458.94,4.968,14.11,0,1.1733,1.031,0
311,9,0,54,0.9218,650.06,908.17,794.16,0.8745,1000.0,11.55,7.75,7.27,443.08,4.681,16.02,0,1.3949,1.2198,1
312,9,1,52,0.9221,635.93,691.83,600.81,0.8684,1000.0,10.7,8.2,7.271,413.35,5.008,14.21,0,1.0862,0.9433,1
313,9,2,52,0.9224,646.06,681.84,592.22,0.8686,1000.0,12.46,7.48,7.218,444.61,2.772,14.02,0,1.0538,0.9152,1
314,9,3,49,0.9227,563.09,721.71,644.01,0.8923,1000.0,10.9,8.11,7.116,486.47,5.591,14.9,0,1.2794,1.1417,1
315,9,4,50,0.9231,669.34,613.47,537.41,0.876,1000.0,10.81,6.82,6.979,404.32,4.327,18.89,0,0.9152,0.8017,1
316,9,5,46,0.9235,669.04,734.78,645.9,0.879,1000.0,12.75,8.47,7.078,467.23,3.883,16.56,0,1.0966,0.964,0
317,9,6,42,0.9239,577.68,695.25,629.59,0.9056,1000.0,11.89,8.32,6.97,452.22,4.626,14.3,0,1.2014,1.088,0
318,9,0,57,0.9244,629.4,749.83,668.23,0.8912,1000.0,12.95,6.9,7.309,538.96,4.362,15.78,0,1.1895,1.06,1
319,9,1,53,0.9248,667.82,730.25,631.97,0.8654,1000.0,12.09,9.04,7.35,359.29,4.688,15.79,0,1.0918,0.9449,1
320,9,2,49,0.9253,627.7,718.94,608.14,0.8459,1000.0,12.04,8.81,7.087,476.99,5.149,14.0,0,1.1435,0.9673,1
321,9,3,53,0.9258,592.4,773.84,676.09,0.8737,1000.0,12.04,8.24,6.797,366.76,4.451,15.58,0,1.3041,1.1393,1
322,9,4,50,0.9263,575.5,792.39,684.12,0.8634,1000.0,11.84,7.69,7.018,394.78,3.37,16.72,0,1.3745,1.1867,1
323,9,5,40,0.9269,519.92,613.2,539.55,0.8799,1000.0,11.09,7.88,7.114,323.27,3.057,17.29,0,1.1771,1.0358,0
324,9,6,41,0.9274,569.05,611.95,549.25,0.8975,1000.0,12.18,7.66,7.338,501.38,3.95,17.89,0,1.0735,0.9635,0
325,9,0,53,0.928,665.52,758.12,663.12,0.8747,1000.0,13.88,9.25,6.837,454.12,5.092,17.67,0,1.1374,0.9949,1
326,9,1,50,0.9286,634.6,835.49,753.75,0.9022,1000.0,12.02,9.7,6.855,334.15,4.317,18.25,0,1.3145,1.1859,1
327,9,2,56,0.9293,672.61,809.91,761.31,0.94,1000.0,12.48,8.32,7.29,379.79,4.641,15.97,0,1.2023,1.1302,1
328,9,3,54,0.9299,653.56,719.21,612.99,0.8523,1000.0,11.82,8.33,7.332,395.47,3.132,16.25,0,1.0988,0.9365,1
329,9,4,51,0.9306,619.33,686.1,562.85,0.8204,1000.0,11.66,7.89,7.164,534.64,5.267,15.92,0,1.106,0.9073,1
330,9,5,41,0.9313,620.08,624.43,555.3,0.8893,999.54,11.74,8.06,7.23,449.21,4.298,14.0,0,1.0054,0.8941,0
331,9,6,43,0.932,611.04,669.91,595.11,0.8883,999.54,12.09,7.84,7.113,395.25,3.965,15.45,0,1.0946,0.9723,0
332,9,0,54,0.9328,635.24,891.05,739.03,0.8294,1000.0,11.9,7.56,7.033,512.95,4.006,16.74,0,1.4005,1.1616,1
333,9,1,53,0.9335,654.79,728.9,610.6,0.8377,1000.0,11.44,8.26,6.83,496.93,5.271,15.44,0,1.1115,0.9311,1
334,9,2,53,0.9343,667.26,703.38,579.57,0.824,1000.0,10.23,8.51,6.842,412.16,4.602,16.74,0,1.0526,0.8673,1
335,10,3,52,0.9351,626.14,756.07,710.71,0.94,1000.0,13.6,7.65,6.947,455.93,5.208,16.71,0,1.2056,1.1333,1
336,10,4,52,0.9359,521.51,671.5,591.87,0.8814,1000.0,10.16,6.12,7.065,325.74,3.935,14.88,0,1.2851,1.1327,1
337,10,5,46,0.9367,587.52,598.18,525.06,0.8778,1000.0,11.49,6.63,7.197,388.62,4.351,15.37,0,1.0164,0.8922,0
338,10,6,47,0.9376,553.99,773.16,677.85,0.8767,1000.0,10.67,7.24,7.08,440.84,2.64,17.17,0,1.3931,1.2214,0
339,10,0,48,0.9384,558.47,714.97,637.33,0.8914,1000.0,9.57,6.09,6.832,493.46,6.184,16.2,0,1.2779,1.1392,1
340,10,1,51,0.9393,595.5,726.06,653.71,0.9004,1000.0,11.2,7.49,6.929,383.5,3.292,17.24,0,1.2172,1.0959,1
341,10,2,60,0.9402,670.12,931.56,850.09,0.9125,1000.0,13.87,9.58,6.918,373.22,4.322,15.95,0,1.3881,1.2667,1
342,10,3,49,0.9412,574.19,695.25,617.84,0.8887,1000.0,10.38,8.64,7.074,444.26,3.787,15.53,0,1.2087,1.0741,1
343,10,4,46,0.9421,624.26,589.33,520.97,0.884,998.03,11.99,7.93,6.812,409.46,3.198,18.34,0,0.9425,0.8332,1
344,10,5,45,0.9431,562.21,610.63,528.56,0.8656,998.03,10.72,7.17,7.109,360.31,3.493,17.99,0,1.0842,0.9385,0
345,10,6,43,0.944,507.07,541.71,458.74,0.8468,1000.0,9.12,6.25,7.216,457.22,4.317,15.02,0,1.0662,0.9029,0
346,10,0,55,0.945,614.13,924.82,804.11,0.8695,1000.0,11.18,8.71,6.479,459.03,5.575,16.08,0,1.5035,1.3072,1
347,10,1,58,0.946,649.98,844.48,730.39,0.8649,1000.0,13.02,7.82,7.0,370.14,5.037,17.26,0,1.2972,1.122,1
348,10,2,56,0.9471,616.46,986.8,878.35,0.8901,1000.0,11.2,8.23,7.216,393.27,4.282,16.13,0,1.5982,1.4225,1
349,10,3,50,0.9481,686.55,737.71,625.92,0.8485,1000.0,13.77,9.52,7.001,340.51,4.03,16.34,0,1.073,0.9104,1
350,10,4,56,0.9492,716.88,878.64,770.84,0.8773,1000.0,14.25,9.73,7.099,399.31,6.347,16.96,0,1.2239,1.0738,1
351,10,5,44,0.9502,544.96,600.11,552.49,0.9206,1000.0,11.3,6.08,6.966,451.29,4.973,17.59,0,1.0992,1.012,0
352,10,6,41,0.9513,567.32,530.69,449.81,0.8476,1000.0,8.75,6.93,7.323,372.38,5.925,17.58,0,0.9338,0.7915,0
353,10,0,47,0.9524,676.68,780.72,675.1,0.8647,1000.0,13.91,8.65,6.886,354.37,5.672,17.7,0,1.152,0.9962,1
354,10,1,53,0.9535,646.5,894.39,768.37,0.8591,1000.0,13.1,8.89,7.328,320.98,4.643,17.24,0,1.3813,1.1867,1
355,10,2,48,0.9547,636.59,738.3,640.51,0.8675,1000.0,12.1,7.92,6.942,467.67,2.802,17.66,0,1.158,1.0046,1
356,10,3,51,0.9558,615.08,862.87,768.83,0.891,1000.0,13.45,7.89,6.995,459.55,4.749,17.97,0,1.4006,1.2479,1
357,10,4,52,0.957,677.16,655.2,568.62,0.8679,1000.0,12.24,8.7,7.011,457.58,5.522,18.4,0,0.9661,0.8385,1
358,10,5,44,0.9581,608.48,545.27,486.72,0.8926,1000.0,11.1,6.39,6.99,325.42,5.705,18.54,0,0.8946,0.7986,0
359,10,6,43,0.9593,648.21,611.17,546.28,0.8938,1000.0,11.61,7.09,7.078,496.92,4.074,16.92,0,0.9414,0.8415,0
360,10,0,50,0.9605,565.92,746.95,637.34,0.8533,1000.0,10.58,7.02,7.26,489.26,1.201,17.22,0,1.3176,1.1242,1
361,10,1,51,0.9617,653.98,798.81,665.45,0.8331,1000.0,12.05,9.07,7.11,388.96,5.477,17.94,0,1.2196,1.016,1
362,10,2,51,0.9629,728.54,829.65,728.5,0.8781,1000.0,14.77,9.64,7.033,485.95,4.631,17.23,0,1.1372,0.9986,1
363,10,3,48,0.9641,627.33,761.88,649.64,0.8527,1000.0,12.37,9.85,7.369,372.08,3.763,16.27,1,1.2125,1.0339,1
364,10,4,48,0.9654,665.53,685.75,623.39,0.9091,1000.0,13.27,7.76,6.73,413.11,3.848,19.77,0,1.0288,0.9353,1
365,10,5,47,0.9666,548.22,532.0,388.7,0.7306,1000.0,8.03,5.43,7.096,387.83,4.766,18.28,1,0.9686,0.7077,0
