date,potable_saved_l
2025-11-01,348.09
2025-11-02,351.4
2025-11-03,559.0
2025-11-04,532.71
2025-11-05,554.39
2025-11-06,631.16
2025-11-07,529.53
2025-11-08,435.76
2025-11-09,418.51
2025-11-10,552.3
2025-11-11,557.66
2025-11-12,522.23
2025-11-13,547.69
2025-11-14,491.4
2025-11-15,416.09
2025-11-16,381.08
2025-11-17,473.85
2025-11-18,550.58
2025-11-19,546.05
2025-11-20,561.05
2025-11-21,555.49
2025-11-22,356.61
2025-11-23,510.49
2025-11-24,539.87
2025-11-25,514.17
2025-11-26,542.67
2025-11-27,561.58
2025-11-28,515.27
2025-11-29,461.88
2025-11-30,486.14
2025-12-01,546.25
2025-12-02,582.84
2025-12-03,473.01
2025-12-04,553.8
2025-12-05,519.34
2025-12-06,453.04
2025-12-07,461.05
2025-12-08,628.34
2025-12-09,495.59
2025-12-10,556.32
2025-12-11,540.46
2025-12-12,526.11
2025-12-13,395.46
2025-12-14,447.38
2025-12-15,589.57
2025-12-16,582.16
2025-12-17,558.78
2025-12-18,541.51
2025-12-19,615.07
2025-12-20,422.15
2025-12-21,457.47
2025-12-22,562.7
2025-12-23,568.86
2025-12-24,499.05
2025-12-25,568.94
2025-12-26,547.14
2025-12-27,429.47
2025-12-28,481.08
2025-12-29,571.83
2025-12-30,599.64
2025-12-31,586.55
2026-01-01,654.45
2026-01-02,633.06
2026-01-03,518.05
2026-01-04,488.99
2026-01-05,538.58
2026-01-06,499.01
2026-01-07,606.05
2026-01-08,536.26
2026-01-09,551.68
2026-01-10,454.85
2026-01-11,397.26
2026-01-12,592.88
2026-01-13,564.69
2026-01-14,603.83
2026-01-15,661.02
2026-01-16,591.84
2026-01-17,513.38
2026-01-18,473.14
2026-01-19,582.77
2026-01-20,603.14
2026-01-21,561.67
2026-01-22,582.2
2026-01-23,592.01
2026-01-24,456.96
2026-01-25,356.01
2026-01-26,637.16
2026-01-27,617.61
2026-01-28,504.32
2026-01-29,577.09
2026-01-30,566.92
2026-01-31,424.9
2026-02-01,411.53
2026-02-02,583.21
2026-02-03,571.07
2026-02-04,579.16
2026-02-05,574.12
2026-02-06,553.85
2026-02-07,484.13
2026-02-08,437.04
2026-02-09,578.48
2026-02-10,559.78
2026-02-11,578.42
2026-02-12,688.77
2026-02-13,588.55
2026-02-14,491.33
2026-02-15,460.35
2026-02-16,602.03
2026-02-17,606.83
2026-02-18,522.58
2026-02-19,553.77
2026-02-20,540.63
2026-02-21,471.16
2026-02-22,523.57
2026-02-23,632.74
2026-02-24,620.44
2026-02-25,625.78
2026-02-26,636.19
2026-02-27,580.22
2026-02-28,447.12
2026-03-01,424.7
2026-03-02,531.71
2026-03-03,583.05
2026-03-04,534.29
2026-03-05,689.63
2026-03-06,636.93
2026-03-07,492.83
2026-03-08,480.52
2026-03-09,588.5
2026-03-10,598.28
2026-03-11,519.79
2026-03-12,632.9
2026-03-13,583.94
2026-03-14,463.69
2026-03-15,391.89
2026-03-16,614.03
2026-03-17,608.52
2026-03-18,593.94
2026-03-19,646.11
2026-03-20,564.37
2026-03-21,443.16
2026-03-22,509.96
2026-03-23,586.34
2026-03-24,605.11
2026-03-25,559.12
2026-03-26,519.93
2026-03-27,595.49
2026-03-28,382.86
2026-03-29,397.98
2026-03-30,550.46
2026-03-31,616.05
2026-04-01,586.71
2026-04-02,611.61
2026-04-03,493.88
2026-04-04,468.74
2026-04-05,505.84
2026-04-06,600.31
2026-04-07,575.14
2026-04-08,607.25
2026-04-09,644.6
2026-04-10,562.83
2026-04-11,441.5
2026-04-12,436.93
2026-04-13,569.0
2026-04-14,411.23
2026-04-15,650.21
2026-04-16,586.58
2026-04-17,541.5
2026-04-18,452.76
2026-04-19,476.86
2026-04-20,607.16
2026-04-21,559.51
2026-04-22,548.92
2026-04-23,652.88
2026-04-24,524.66
2026-04-25,384.51
2026-04-26,390.81
2026-04-27,571.09
2026-04-28,600.67
2026-04-29,597.97
2026-04-30,594.97
2026-05-01,498.06
2026-05-02,460.93
2026-05-03,384.09
2026-05-04,554.11
2026-05-05,568.05
2026-05-06,587.81
2026-05-07,582.11
2026-05-08,549.65
2026-05-09,385.28
2026-05-10,380.83
2026-05-11,605.09
2026-05-12,494.23
2026-05-13,532.12
2026-05-14,572.59
2026-05-15,567.3
2026-05-16,384.5
2026-05-17,428.27
2026-05-18,498.93
2026-05-19,599.47
2026-05-20,559.41
2026-05-21,562.72
2026-05-22,560.02
2026-05-23,401.55
2026-05-24,425.22
2026-05-25,529.57
2026-05-26,582.0
2026-05-27,533.11
2026-05-28,562.36
2026-05-29,561.73
2026-05-30,376.49
2026-05-31,370.72
2026-06-01,544.9
2026-06-02,429.66
2026-06-03,581.3
2026-06-04,444.78
2026-06-05,526.5
2026-06-06,358.53
2026-06-07,393.93
2026-06-08,526.05
2026-06-09,536.86
2026-06-10,547.48
2026-06-11,528.52
2026-06-12,529.13
2026-06-13,422.87
2026-06-14,395.54
2026-06-15,613.86
2026-06-16,469.28
2026-06-17,542.3
2026-06-18,605.08
2026-06-19,545.15
2026-06-20,449.61
2026-06-21,380.27
2026-06-22,504.52
2026-06-23,559.41
2026-06-24,485.87
2026-06-25,530.13
2026-06-26,488.24
2026-06-27,443.12
2026-06-28,413.7
2026-06-29,558.16
2026-06-30,426.51
2026-07-01,496.46
2026-07-02,548.28
2026-07-03,545.04
2026-07-04,384.14
2026-07-05,364.97
2026-07-06,554.43
2026-07-07,540.93
2026-07-08,430.44
2026-07-09,494.46
2026-07-10,475.81
2026-07-11,354.1
2026-07-12,348.22
2026-07-13,533.97
2026-07-14,535.42
2026-07-15,482.31
2026-07-16,486.27
2026-07-17,529.31
2026-07-18,337.04
2026-07-19,426.69
2026-07-20,512.26
2026-07-21,448.09
2026-07-22,504.5
2026-07-23,449.09
2026-07-24,450.92
2026-07-25,333.7
2026-07-26,349.52
2026-07-27,498.71
2026-07-28,539.51
2026-07-29,450.92
2026-07-30,511.23
2026-07-31,502.75
2026-08-01,434.72
2026-08-02,325.0
2026-08-03,533.72
2026-08-04,525.52
2026-08-05,538.28
2026-08-06,491.7
2026-08-07,481.05
2026-08-08,325.0
2026-08-09,423.13
2026-08-10,501.47
2026-08-11,463.44
2026-08-12,562.97
2026-08-13,473.43
2026-08-14,569.17
2026-08-15,409.13
2026-08-16,379.68
2026-08-17,488.83
2026-08-18,504.81
2026-08-19,549.61
2026-08-20,481.28
2026-08-21,494.63
2026-08-22,361.71
2026-08-23,366.1
2026-08-24,511.04
2026-08-25,522.71
2026-08-26,463.77
2026-08-27,550.16
2026-08-28,476.42
2026-08-29,426.38
2026-08-30,363.47
2026-08-31,542.91
2026-09-01,445.55
2026-09-02,548.21
2026-09-03,458.19
2026-09-04,566.09
2026-09-05,333.08
2026-09-06,377.92
2026-09-07,517.28
2026-09-08,534.16
2026-09-09,494.15
2026-09-10,461.15
2026-09-11,483.76
2026-09-12,439.92
2026-09-13,330.34
2026-09-14,534.47
2026-09-15,474.52
2026-09-16,522.74
2026-09-17,522.13
2026-09-18,476.12
2026-09-19,325.0
2026-09-20,371.47
2026-09-21,519.66
2026-09-22,503.63
2026-09-23,580.87
2026-09-24,564.7
2026-09-25,467.72
2026-09-26,436.36
2026-09-27,372.35
2026-09-28,549.96
2026-09-29,530.33
2026-09-30,477.75
2026-10-01,535.13
2026-10-02,428.69
2026-10-03,394.94
2026-10-04,362.06
2026-10-05,465.43
2026-10-06,513.24
2026-10-07,578.37
2026-10-08,459.02
2026-10-09,453.26
2026-10-10,352.01
2026-10-11,362.76
2026-10-12,536.41
2026-10-13,535.78
2026-10-14,536.86
2026-10-15,549.76
2026-10-16,589.24
2026-10-17,396.07
2026-10-18,347.11
2026-10-19,521.17
2026-10-20,566.6
2026-10-21,504.37
2026-10-22,517.08
2026-10-23,512.2
2026-10-24,393.19
2026-10-25,388.21
2026-10-26,474.33
2026-10-27,464.55
2026-10-28,577.61
2026-10-29,510.25
2026-10-30,495.79
2026-10-31,363.88
