day_of_year,month,day_of_week_num,site_users,season_index,nonpotable_demand_l,toilet_demand_l,irrigation_demand_l,cleaning_demand_l,laundry_demand_l,ph,tds_mg_l,turbidity_ntu,temperature_c,weekday
1,11,5,44,0.9679,617.27,275.43,103.3,121.23,117.31,7.074,470.7,4.118,18.31,0
2,11,6,40,0.9691,460.32,228.98,81.17,60.19,89.98,7.188,427.74,3.663,16.82,0
3,11,0,58,0.9704,647.25,342.3,106.19,78.42,120.35,7.088,422.19,4.379,18.17,1
4,11,1,51,0.9717,599.47,284.79,165.05,54.25,95.37,6.936,485.04,4.172,15.99,1
5,11,2,51,0.973,652.41,306.69,155.04,61.12,129.57,7.311,448.9,5.069,18.85,1
6,11,3,55,0.9743,749.46,350.66,143.12,123.89,131.79,7.086,395.6,5.165,18.04,1
7,11,4,56,0.9756,743.42,378.03,153.4,85.11,126.88,6.869,373.68,4.077,18.74,1
8,11,5,46,0.9769,620.94,308.08,151.64,58.03,103.19,6.757,406.3,5.872,18.55,0
9,11,6,48,0.9782,619.12,299.15,132.15,86.25,101.57,7.183,306.3,4.971,16.87,0
10,11,0,52,0.9796,632.31,303.74,110.61,103.66,114.29,7.173,369.42,5.474,18.06,1
11,11,1,53,0.9809,689.3,314.36,137.38,106.0,131.56,7.124,336.18,4.36,17.68,1
12,11,2,52,0.9822,609.67,314.0,99.15,71.6,124.92,6.985,373.9,4.131,20.45,1
13,11,3,51,0.9836,681.38,299.94,142.5,100.09,138.85,6.673,439.51,4.931,18.66,1
14,11,4,48,0.9849,571.17,281.39,87.35,88.48,113.95,6.891,429.31,4.31,20.95,1
15,11,5,45,0.9863,661.71,276.64,202.58,96.13,86.35,6.91,339.55,5.018,18.77,0
16,11,6,42,0.9877,545.51,264.86,83.3,107.89,89.47,6.842,362.75,3.62,19.21,0
17,11,0,49,0.989,541.77,267.97,88.99,87.79,97.02,7.175,294.24,4.891,20.03,1
18,11,1,53,0.9904,642.85,330.84,109.16,82.46,120.4,7.031,502.53,4.479,20.81,1
19,11,2,52,0.9918,625.32,302.53,148.38,69.97,104.43,7.181,466.21,3.394,17.72,1
20,11,3,52,0.9931,668.88,322.33,147.04,86.37,113.14,6.689,406.02,5.214,19.81,1
21,11,4,55,0.9945,637.11,328.78,106.29,85.44,116.61,7.22,461.53,3.773,18.29,1
22,11,5,39,0.9959,496.11,215.62,102.82,88.96,88.71,7.185,305.23,4.777,19.05,0
23,11,6,48,0.9972,625.23,305.58,136.55,90.6,92.5,6.65,420.8,4.908,21.02,0
24,11,0,48,0.9986,634.41,265.65,139.44,116.95,112.37,7.201,441.05,4.318,18.47,1
25,11,1,49,1.0,668.88,287.93,196.76,72.11,112.08,6.961,262.45,5.317,20.36,1
26,11,2,54,1.0014,754.33,328.98,213.13,96.17,116.05,7.363,458.08,3.433,21.47,1
27,11,3,56,1.0028,655.66,319.46,108.56,94.47,133.17,6.797,444.66,4.782,21.62,1
28,11,4,52,1.0041,638.94,304.76,127.83,98.3,108.05,7.526,450.21,4.182,18.82,1
29,11,5,47,1.0055,576.62,253.36,105.69,92.95,124.62,7.224,406.89,4.477,20.9,0
30,11,6,49,1.0069,614.33,295.39,97.19,113.59,108.16,6.935,392.36,4.112,19.51,0
31,12,0,50,1.0082,601.44,321.27,131.01,84.47,64.69,6.925,422.85,3.344,19.29,1
32,12,1,53,1.0096,666.86,308.41,163.89,74.54,120.03,6.983,354.27,4.159,20.64,1
33,12,2,45,1.011,616.92,289.11,138.16,94.18,95.46,6.723,405.99,3.82,22.21,1
34,12,3,51,1.0123,631.78,325.58,129.26,74.85,102.08,6.812,417.03,5.001,19.82,1
35,12,4,51,1.0137,721.93,310.47,183.92,111.2,116.34,7.385,429.29,4.01,20.42,1
36,12,5,46,1.0151,625.16,256.62,146.41,85.93,136.2,7.17,509.67,3.852,19.61,0
37,12,6,46,1.0164,662.94,288.69,137.74,112.41,124.1,7.006,506.54,5.174,20.26,0
38,12,0,52,1.0178,707.05,320.39,186.47,87.75,112.44,6.866,428.56,4.55,22.67,1
39,12,1,47,1.0191,557.64,263.81,132.56,72.63,88.64,6.946,307.98,4.461,21.37,1
40,12,2,51,1.0204,644.52,291.07,144.23,83.22,126.01,6.861,485.1,4.259,21.07,1
41,12,3,51,1.0218,699.28,315.57,164.03,115.7,103.97,7.048,513.37,3.903,21.3,1
42,12,4,53,1.0231,708.61,319.74,155.38,105.16,128.33,6.647,484.42,5.3,20.67,1
43,12,5,41,1.0244,512.29,280.58,60.73,82.81,88.18,7.098,443.12,3.348,20.76,0
44,12,6,47,1.0257,655.96,293.22,172.86,80.61,109.27,7.195,335.93,4.568,19.41,0
45,12,0,55,1.027,697.82,309.53,171.35,93.55,123.38,7.182,297.36,6.196,19.83,1
46,12,1,53,1.0283,668.91,335.53,131.78,77.67,123.93,6.71,372.76,4.696,23.42,1
47,12,2,51,1.0296,718.6,321.6,173.26,103.46,120.28,6.849,365.03,5.63,22.82,1
48,12,3,54,1.0309,744.53,328.63,183.97,97.14,134.79,7.385,419.62,4.27,23.31,1
49,12,4,52,1.0321,696.85,309.27,194.67,81.14,111.77,7.062,404.06,5.104,22.96,1
50,12,5,42,1.0334,570.78,242.36,121.79,122.38,84.25,7.428,405.14,3.748,19.97,0
51,12,6,49,1.0346,648.09,284.53,185.26,69.05,109.25,6.695,472.22,3.163,21.27,0
52,12,0,50,1.0359,664.26,279.6,150.12,89.45,145.09,7.252,427.11,3.889,21.99,1
53,12,1,50,1.0371,684.0,281.29,206.98,85.05,110.69,7.115,489.32,3.829,22.49,1
54,12,2,46,1.0383,635.13,269.54,177.44,97.08,91.08,7.182,475.89,4.437,22.28,1
55,12,3,53,1.0395,689.59,336.86,148.51,93.27,110.96,6.893,495.02,5.509,22.7,1
56,12,4,50,1.0407,683.57,288.77,170.86,98.23,125.71,7.149,408.7,5.459,23.49,1
57,12,5,41,1.0419,590.41,236.33,231.84,66.1,56.14,6.917,400.54,4.133,20.64,0
58,12,6,48,1.043,643.28,260.47,160.97,119.36,102.48,7.35,361.7,3.626,21.87,0
59,12,0,49,1.0442,724.61,291.41,246.28,92.05,94.87,6.829,345.22,4.178,22.84,1
60,12,1,50,1.0453,706.96,301.16,200.52,94.9,110.38,6.858,478.27,5.193,22.26,1
61,12,2,53,1.0465,725.88,333.61,176.9,98.48,116.88,6.688,321.0,4.92,22.83,1
62,1,3,60,1.0476,758.67,342.41,190.95,86.1,139.2,6.887,384.98,5.129,23.55,1
63,1,4,54,1.0487,722.07,351.79,156.19,101.41,112.67,7.271,408.38,3.82,23.9,1
64,1,5,50,1.0498,606.78,303.48,131.34,81.34,90.62,7.003,396.28,3.374,22.4,0
65,1,6,48,1.0508,639.95,268.3,159.12,73.29,139.24,7.174,446.41,4.943,22.05,0
66,1,0,51,1.0519,705.67,322.03,199.02,75.25,109.37,7.333,474.19,4.358,22.45,1
67,1,1,48,1.0529,657.37,254.16,227.39,94.75,81.05,7.067,388.88,5.115,22.78,1
68,1,2,56,1.054,746.75,333.13,213.28,75.99,124.35,7.207,539.68,4.81,22.7,1
69,1,3,51,1.055,747.6,310.43,223.79,110.38,103.0,7.451,400.79,3.89,24.87,1
70,1,4,47,1.056,674.53,272.78,169.55,133.98,98.24,7.039,507.1,4.154,25.72,1
71,1,5,42,1.0569,657.63,263.51,232.24,56.74,105.13,6.753,501.78,4.325,23.08,0
72,1,6,45,1.0579,641.82,252.41,209.47,93.32,86.61,6.946,484.19,5.499,23.79,0
73,1,0,50,1.0588,779.54,277.99,292.52,83.93,125.1,7.255,416.94,4.857,23.11,1
74,1,1,50,1.0598,682.42,257.64,192.22,101.19,131.38,7.41,392.78,4.722,23.23,1
75,1,2,52,1.0607,767.84,294.83,247.21,96.54,129.26,6.828,540.07,4.35,22.28,1
76,1,3,56,1.0616,757.83,313.85,235.6,85.83,122.55,7.2,452.72,3.365,23.57,1
77,1,4,50,1.0624,675.13,261.97,215.9,87.93,109.33,7.175,403.36,5.182,23.26,1
78,1,5,47,1.0633,594.97,255.84,160.84,86.38,91.91,6.842,331.59,4.495,23.79,0
79,1,6,47,1.0641,683.9,263.34,217.64,94.23,108.69,6.705,472.64,5.17,25.18,0
80,1,0,50,1.0649,833.86,304.85,320.84,94.35,113.82,6.945,319.27,5.25,20.68,1
81,1,1,54,1.0657,715.52,347.56,192.14,75.55,100.27,7.282,383.73,5.237,23.24,1
82,1,2,48,1.0665,666.13,279.35,230.55,56.77,99.46,7.397,515.65,4.469,24.95,1
83,1,3,50,1.0672,731.14,310.77,266.04,61.18,93.15,6.682,432.23,4.467,24.43,1
84,1,4,50,1.068,668.09,313.01,177.87,69.68,107.53,7.505,423.74,3.14,22.58,1
85,1,5,46,1.0687,671.14,296.25,174.16,86.77,113.96,7.186,344.56,5.042,26.61,0
86,1,6,40,1.0694,709.54,224.94,267.76,100.46,116.38,6.988,455.22,5.002,25.57,0
87,1,0,54,1.0701,728.76,330.43,201.6,76.45,120.27,6.802,456.46,5.469,23.63,1
88,1,1,51,1.0707,750.12,321.77,261.74,75.32,91.3,6.76,313.98,4.976,24.37,1
89,1,2,53,1.0714,743.68,332.15,210.31,83.16,118.06,6.92,556.36,4.991,24.22,1
90,1,3,53,1.072,802.51,324.8,248.47,85.62,143.63,7.096,344.75,3.704,23.83,1
91,1,4,49,1.0726,778.6,311.91,255.98,120.71,90.0,7.003,400.07,5.254,24.63,1
92,1,5,46,1.0731,774.62,270.73,288.76,92.23,122.91,6.816,269.84,5.049,25.61,0
93,2,6,43,1.0737,715.58,245.41,242.7,114.19,113.28,7.018,425.09,3.197,23.87,0
94,2,0,51,1.0742,730.11,274.12,248.32,104.36,103.31,6.863,422.04,4.977,25.96,1
95,2,1,52,1.0747,751.37,335.63,207.3,94.77,113.68,6.852,521.26,5.384,24.5,1
96,2,2,51,1.0752,787.99,317.77,268.16,87.07,115.0,7.132,394.68,4.884,24.55,1
97,2,3,51,1.0756,776.42,307.85,286.4,83.07,99.09,7.669,472.35,6.972,24.53,1
98,2,4,51,1.0761,719.57,310.16,249.39,71.13,88.89,7.134,444.88,3.782,25.85,1
99,2,5,49,1.0765,728.62,290.59,247.04,87.69,103.31,6.805,376.94,6.836,25.68,0
100,2,6,41,1.0769,683.8,257.4,257.51,73.6,95.3,7.126,457.52,4.285,25.54,0
101,2,0,53,1.0773,829.58,321.63,295.68,95.96,116.31,6.906,433.88,5.052,23.77,1
102,2,1,51,1.0776,722.14,296.8,234.2,69.7,121.45,6.722,560.71,5.866,24.88,1
103,2,2,52,1.0779,770.51,299.47,232.17,114.08,124.8,6.861,394.67,3.576,28.2,1
104,2,3,55,1.0782,808.28,334.41,259.44,98.66,115.77,7.027,399.97,3.711,25.96,1
105,2,4,52,1.0785,773.62,313.12,278.67,78.32,103.52,6.951,402.17,2.298,23.93,1
106,2,5,46,1.0788,709.99,253.39,229.35,115.08,112.17,7.024,376.44,2.882,24.88,0
107,2,6,44,1.079,758.1,264.54,299.51,109.81,84.24,6.767,362.63,4.34,25.5,0
108,2,0,52,1.0792,736.75,295.41,203.96,100.2,137.19,6.782,350.15,4.915,24.37,1
109,2,1,52,1.0794,733.98,292.49,216.28,95.38,129.84,7.045,379.74,4.906,27.1,1
110,2,2,49,1.0795,809.1,336.02,272.77,79.62,120.69,7.032,394.16,4.711,27.48,1
111,2,3,47,1.0797,668.91,288.66,226.64,58.54,95.06,7.117,429.36,5.789,25.61,1
112,2,4,49,1.0798,721.94,272.78,245.89,82.41,120.85,7.245,441.72,4.43,26.82,1
113,2,5,46,1.0799,677.18,230.44,255.33,90.82,100.59,6.854,477.14,5.221,27.08,0
114,2,6,51,1.0799,771.63,256.72,283.0,121.26,110.65,7.007,450.55,5.025,27.41,0
115,2,0,56,1.08,796.45,318.58,261.5,81.97,134.4,6.838,425.24,5.477,26.56,1
116,2,1,52,1.08,736.71,284.66,253.69,98.18,100.19,6.843,354.96,3.874,25.06,1
117,2,2,53,1.08,795.16,323.15,260.58,99.78,111.65,6.89,365.79,4.781,23.83,1
118,2,3,55,1.08,817.91,361.78,231.17,100.9,124.06,7.058,418.99,5.207,26.26,1
119,2,4,48,1.0799,770.86,288.2,275.72,95.87,111.07,7.233,336.81,4.367,25.25,1
120,2,5,41,1.0798,741.59,255.03,287.1,80.3,119.16,7.478,409.8,4.67,26.21,0
121,3,6,44,1.0797,719.85,259.52,288.39,76.16,95.78,6.969,401.36,5.42,26.07,0
122,3,0,45,1.0796,758.58,291.59,288.5,81.45,97.04,7.429,371.88,5.063,25.61,1
123,3,1,49,1.0795,708.56,261.8,245.54,89.41,111.81,6.747,369.76,4.032,24.84,1
124,3,2,46,1.0793,823.62,266.9,336.37,109.35,111.01,7.11,301.31,4.526,24.3,1
125,3,3,59,1.0791,820.74,358.6,252.16,71.41,138.57,7.191,408.49,2.891,25.97,1
126,3,4,54,1.0789,885.71,348.11,317.99,96.24,123.38,6.93,452.97,6.567,26.41,1
127,3,5,47,1.0786,765.13,272.37,263.41,118.6,110.75,7.015,430.65,3.864,27.36,0
128,3,6,49,1.0784,686.33,270.15,218.42,100.08,97.67,7.456,483.49,3.49,26.87,0
129,3,0,52,1.0781,854.27,316.49,331.76,87.51,118.51,6.793,422.76,2.955,24.14,1
130,3,1,49,1.0778,757.01,282.78,279.56,69.42,125.24,7.56,414.06,2.329,26.05,1
131,3,2,47,1.0774,796.44,295.77,321.62,92.21,86.85,6.832,410.8,3.414,27.62,1
132,3,3,56,1.0771,814.67,317.26,276.57,93.62,127.23,7.004,403.65,3.21,25.23,1
133,3,4,50,1.0767,774.12,274.59,257.92,116.79,124.83,7.032,406.26,3.77,26.35,1
134,3,5,48,1.0763,713.45,285.56,248.34,80.7,98.86,6.935,464.13,5.621,25.48,0
135,3,6,43,1.0759,662.08,289.13,212.01,78.84,82.1,6.754,274.45,4.152,26.23,0
136,3,0,52,1.0754,895.59,330.34,346.16,108.78,110.3,6.598,400.23,6.647,25.97,1
137,3,1,48,1.075,706.72,277.52,251.63,88.43,89.14,7.137,324.72,5.847,24.68,1
138,3,2,53,1.0745,830.18,309.1,306.32,106.77,107.99,7.073,410.14,5.114,24.46,1
139,3,3,56,1.0739,858.08,338.89,282.84,95.28,141.08,7.152,417.3,5.686,25.44,1
140,3,4,51,1.0734,747.98,295.41,252.35,75.11,125.12,7.229,482.1,3.778,26.66,1
141,3,5,43,1.0728,748.73,246.65,285.11,102.94,114.03,6.806,323.04,5.947,24.02,0
142,3,6,43,1.0723,748.22,281.7,276.44,80.8,109.28,6.847,455.57,5.664,26.01,0
143,3,0,54,1.0717,840.29,319.37,280.24,105.23,135.44,7.168,438.54,4.78,28.65,1
144,3,1,52,1.071,822.02,323.47,284.94,95.07,118.54,7.314,499.36,5.406,26.34,1
145,3,2,51,1.0704,734.31,256.02,299.32,69.76,109.21,6.94,460.29,4.179,25.9,1
146,3,3,48,1.0697,724.84,274.72,257.69,82.33,110.11,6.886,357.22,4.823,28.24,1
147,3,4,50,1.0691,862.73,311.89,331.7,104.18,114.96,7.119,325.5,3.565,26.0,1
148,3,5,45,1.0683,735.24,293.62,264.79,79.98,96.85,7.274,423.49,4.172,24.37,0
149,3,6,47,1.0676,665.02,287.25,184.55,91.74,101.49,6.995,441.21,4.986,26.16,0
150,3,0,54,1.0669,754.41,301.51,256.46,78.26,118.18,6.955,350.3,5.722,25.19,1
151,3,1,53,1.0661,805.32,318.91,283.88,73.95,128.59,7.154,500.82,5.559,28.44,1
152,4,2,52,1.0653,796.51,330.81,269.73,71.72,124.24,6.881,495.99,5.505,25.92,1
153,4,3,49,1.0645,780.54,269.37,289.36,93.82,127.99,7.29,465.18,4.566,24.9,1
154,4,4,45,1.0637,691.31,263.51,231.29,91.37,105.14,6.703,331.79,4.988,25.12,1
155,4,5,48,1.0629,750.95,313.74,258.3,92.07,86.84,6.904,460.67,5.819,26.41,0
156,4,6,47,1.062,748.72,305.02,257.74,90.94,95.02,7.015,487.65,4.109,25.19,0
157,4,0,55,1.0611,785.65,290.17,291.04,94.35,110.09,7.334,473.44,3.988,24.57,1
158,4,1,51,1.0602,709.56,290.72,226.41,95.42,97.02,7.071,415.25,4.683,27.25,1
159,4,2,53,1.0593,738.87,303.18,218.29,87.25,130.15,7.149,479.72,4.186,23.03,1
160,4,3,57,1.0584,832.39,379.42,243.88,79.21,129.88,7.025,351.52,3.593,24.66,1
161,4,4,55,1.0574,812.33,342.5,265.35,63.16,141.32,7.558,441.5,5.145,23.67,1
162,4,5,44,1.0564,694.41,268.11,264.74,97.84,63.71,7.177,384.4,4.968,26.45,0
163,4,6,43,1.0555,668.4,245.76,255.69,94.62,72.33,6.879,406.11,3.284,26.33,0
164,4,0,48,1.0545,743.58,286.37,284.23,73.99,98.99,6.844,471.39,5.612,24.51,1
165,4,1,45,1.0534,792.31,280.88,311.1,102.56,97.77,7.175,492.28,3.376,26.72,1
166,4,2,53,1.0524,794.97,327.76,273.26,84.79,109.16,7.042,474.26,2.716,24.23,1
167,4,3,50,1.0514,818.2,349.39,226.29,99.51,143.01,7.064,456.7,3.93,24.69,1
168,4,4,53,1.0503,797.67,359.59,281.14,46.61,110.32,7.297,382.28,4.938,24.55,1
169,4,5,44,1.0492,675.68,254.49,244.63,91.21,85.34,7.175,393.05,3.384,21.44,0
170,4,6,49,1.0481,697.21,306.78,213.16,85.4,91.88,6.949,500.41,4.116,26.44,0
171,4,0,50,1.047,708.61,321.92,204.46,70.98,111.24,6.981,466.87,4.161,23.83,1
172,4,1,48,1.0459,664.32,282.17,198.89,82.63,100.64,6.875,458.25,5.504,25.34,1
173,4,2,52,1.0448,697.58,288.64,214.14,99.67,95.12,6.84,403.6,4.965,25.01,1
174,4,3,56,1.0436,725.47,331.13,186.93,106.59,100.83,6.837,429.19,5.458,26.54,1
175,4,4,47,1.0425,771.44,311.47,267.8,101.92,90.24,6.936,484.64,3.864,25.55,1
176,4,5,41,1.0413,628.13,234.99,221.69,61.58,109.88,6.955,412.18,5.717,23.19,0
177,4,6,42,1.0401,669.08,256.0,231.01,93.77,88.3,6.806,570.24,5.684,24.21,0
178,4,0,50,1.0389,739.12,305.82,224.89,81.5,126.91,6.778,430.01,6.754,23.2,1
179,4,1,51,1.0377,732.44,323.54,200.24,98.61,110.04,6.906,456.67,5.097,25.54,1
180,4,2,53,1.0365,721.18,338.52,189.55,93.96,99.15,6.957,426.62,4.091,23.41,1
181,4,3,53,1.0352,773.95,310.79,215.85,113.14,134.18,7.029,279.46,3.111,24.7,1
182,5,4,47,1.034,612.13,260.13,202.58,64.7,84.72,6.784,439.96,5.147,25.38,1
183,5,5,45,1.0327,767.6,288.09,292.12,97.54,89.85,7.473,494.15,4.655,25.07,0
184,5,6,42,1.0315,620.4,265.56,191.1,87.26,76.47,6.92,447.57,3.689,25.68,0
185,5,0,49,1.0302,692.59,256.13,239.67,95.22,101.56,6.852,440.39,4.412,23.4,1
186,5,1,50,1.0289,746.35,270.65,256.37,119.97,99.36,7.387,410.87,5.394,23.9,1
187,5,2,52,1.0276,800.85,339.41,239.83,94.34,127.26,7.058,335.26,4.712,23.89,1
188,5,3,48,1.0264,734.16,291.12,248.68,86.64,107.71,7.192,439.01,5.45,24.3,1
189,5,4,49,1.025,626.48,304.57,117.79,94.36,109.77,7.496,376.34,3.999,23.99,1
190,5,5,41,1.0237,596.13,258.89,164.85,77.46,94.93,7.133,401.08,3.801,24.07,0
191,5,6,43,1.0224,589.63,245.55,172.51,87.39,84.18,6.815,472.9,5.602,24.44,0
192,5,0,52,1.0211,693.49,298.37,189.05,81.83,124.25,6.726,426.79,4.99,25.32,1
193,5,1,46,1.0198,675.34,249.4,272.82,63.48,89.65,7.259,472.19,4.49,24.59,1
194,5,2,51,1.0184,709.31,282.96,193.22,119.0,114.13,7.186,429.22,5.747,23.35,1
195,5,3,49,1.0171,749.98,316.55,241.56,90.52,101.34,7.094,376.84,4.293,22.72,1
196,5,4,51,1.0157,681.81,340.19,163.86,88.08,89.69,7.319,393.56,3.712,23.87,1
197,5,5,45,1.0144,679.26,292.48,190.6,83.78,112.4,7.248,511.73,2.573,22.88,0
198,5,6,42,1.013,632.45,236.83,219.7,89.99,85.92,6.765,482.24,3.024,23.82,0
199,5,0,45,1.0117,641.4,291.28,153.67,103.8,92.65,7.193,483.63,4.507,23.24,1
200,5,1,55,1.0103,789.82,327.62,227.96,106.2,128.04,6.964,361.66,5.152,22.08,1
201,5,2,49,1.0089,637.7,288.59,183.63,70.3,95.2,6.926,517.7,5.118,22.85,1
202,5,3,55,1.0076,739.85,356.6,142.69,104.44,136.12,6.917,424.85,3.428,22.73,1
203,5,4,50,1.0062,700.83,336.52,157.34,85.04,121.93,6.863,465.92,6.074,23.66,1
204,5,5,41,1.0048,699.45,245.24,252.67,101.1,100.45,6.905,422.43,5.528,23.18,0
205,5,6,46,1.0034,652.22,261.54,196.92,84.47,109.28,7.382,347.98,3.398,22.96,0
206,5,0,49,1.0021,609.9,291.4,135.45,90.04,93.01,7.064,420.93,5.977,23.24,1
207,5,1,51,1.0007,683.22,299.68,171.09,85.16,127.3,7.009,401.67,4.206,23.41,1
208,5,2,52,0.9993,602.43,251.9,167.96,88.7,93.87,7.366,526.34,5.554,20.6,1
209,5,3,54,0.9979,758.44,359.12,157.71,107.79,133.82,7.357,440.82,3.877,21.36,1
210,5,4,52,0.9966,672.14,299.59,137.47,104.06,131.03,7.121,503.05,3.193,20.47,1
211,5,5,43,0.9952,590.76,254.83,135.74,79.93,120.26,6.646,422.74,3.038,24.84,0
212,5,6,42,0.9938,599.08,264.19,150.53,110.54,73.82,6.771,394.08,3.713,22.93,0
213,6,0,50,0.9924,678.34,317.99,153.11,105.66,101.58,7.033,395.61,4.838,21.16,1
214,6,1,46,0.9911,597.35,276.38,120.44,122.11,78.42,6.994,374.66,5.714,22.28,1
215,6,2,55,0.9897,733.42,347.77,161.91,112.72,111.01,6.891,405.83,2.55,23.13,1
216,6,3,46,0.9883,642.75,273.65,155.05,114.96,99.08,6.532,402.91,4.474,21.05,1
217,6,4,54,0.987,680.7,332.27,144.47,75.49,128.48,6.777,389.04,5.39,20.67,1
218,6,5,48,0.9856,570.32,262.95,124.64,76.43,106.3,6.826,527.72,4.216,21.31,0
219,6,6,44,0.9843,544.26,212.75,122.21,101.17,108.13,6.915,452.35,4.888,20.55,0
220,6,0,47,0.9829,745.95,314.11,212.87,107.11,111.86,7.0,447.78,5.7,20.72,1
221,6,1,53,0.9816,624.61,331.57,134.46,40.0,118.58,6.792,358.85,5.123,20.65,1
222,6,2,53,0.9802,664.87,340.07,77.77,93.1,153.93,7.201,465.29,6.213,22.1,1
223,6,3,48,0.9789,678.83,299.33,167.75,112.7,99.05,7.332,315.72,5.161,19.61,1
224,6,4,48,0.9776,605.64,283.7,103.33,111.69,106.91,6.856,406.48,4.645,21.18,1
225,6,5,45,0.9763,519.64,251.61,92.42,96.86,78.75,6.967,412.19,5.025,22.54,0
226,6,6,44,0.975,518.49,225.68,126.78,96.95,69.09,7.307,386.63,4.195,20.47,0
227,6,0,57,0.9736,768.78,343.53,195.2,102.95,127.1,7.033,385.19,3.686,22.6,1
228,6,1,50,0.9724,535.28,280.6,79.71,82.93,92.04,6.962,445.32,5.284,21.04,1
229,6,2,54,0.9711,643.84,311.15,108.87,80.1,143.72,7.632,489.44,2.774,19.5,1
230,6,3,59,0.9698,704.89,357.45,111.91,92.95,142.58,7.3,448.42,6.869,19.99,1
231,6,4,50,0.9685,655.97,303.71,133.47,97.57,121.23,6.963,384.43,5.787,18.74,1
232,6,5,46,0.9673,561.01,294.2,66.79,96.37,103.64,6.661,483.1,4.111,20.42,0
233,6,6,43,0.966,571.29,246.41,151.24,77.56,96.09,7.373,382.81,5.27,20.14,0
234,6,0,48,0.9648,628.24,297.9,137.65,74.28,118.42,6.99,393.33,4.844,20.51,1
235,6,1,49,0.9635,705.69,310.43,186.66,89.91,118.69,7.013,370.35,3.868,20.12,1
236,6,2,53,0.9623,706.31,321.57,183.38,88.09,113.27,6.842,366.61,4.406,23.12,1
237,6,3,49,0.9611,681.41,323.74,135.64,126.16,95.88,7.124,343.83,3.421,22.84,1
238,6,4,45,0.9599,663.66,298.45,163.72,98.96,102.54,6.77,412.93,4.007,20.9,1
239,6,5,48,0.9587,666.64,303.43,148.86,110.06,104.29,7.028,318.26,4.942,19.06,0
240,6,6,43,0.9575,515.53,278.58,54.5,90.14,92.3,7.316,533.44,3.832,19.25,0
241,6,0,54,0.9564,705.82,352.18,141.7,101.21,110.73,6.829,458.98,4.203,18.91,1
242,6,1,47,0.9552,504.57,280.51,50.35,80.34,93.38,6.864,430.64,3.434,20.21,1
243,7,2,50,0.9541,568.43,293.26,107.34,65.03,102.81,7.48,539.64,4.145,17.71,1
244,7,3,53,0.953,688.05,320.78,147.88,92.58,126.81,7.418,331.36,4.474,21.41,1
245,7,4,52,0.9519,646.02,297.83,84.78,119.17,144.25,7.069,461.17,4.477,21.43,1
246,7,5,44,0.9508,553.44,266.66,133.97,84.84,67.97,7.033,374.16,4.679,19.8,0
247,7,6,40,0.9497,574.47,241.77,149.03,112.97,70.71,7.351,437.04,4.695,18.61,0
248,7,0,54,0.9486,662.62,327.16,138.32,84.62,112.52,6.76,341.95,5.01,18.98,1
249,7,1,51,0.9476,715.92,309.48,175.42,85.26,145.76,6.792,484.37,5.531,19.27,1
250,7,2,45,0.9466,628.55,291.11,150.95,90.54,95.95,7.188,415.72,5.468,19.64,1
251,7,3,50,0.9455,618.13,289.23,130.06,97.22,101.61,7.096,415.97,4.188,20.13,1
252,7,4,51,0.9445,593.75,317.17,86.2,84.06,106.32,7.29,429.94,3.083,15.98,1
253,7,5,41,0.9436,636.71,250.75,167.08,110.83,108.05,6.792,412.08,4.626,19.86,0
254,7,6,41,0.9426,524.55,247.86,109.41,81.98,85.29,7.058,442.25,4.317,15.95,0
255,7,0,51,0.9416,658.84,300.98,151.37,99.37,107.13,7.077,399.22,4.646,18.15,1
256,7,1,53,0.9407,635.84,325.8,97.49,101.59,110.96,7.015,467.53,4.58,19.01,1
257,7,2,48,0.9398,718.86,317.63,199.18,104.14,97.91,7.065,448.62,5.983,17.92,1
258,7,3,50,0.9389,577.18,264.35,113.79,95.75,103.29,7.092,486.14,5.337,18.23,1
259,7,4,54,0.938,657.09,325.26,144.22,92.0,95.61,7.029,378.49,3.95,19.41,1
260,7,5,43,0.9371,549.44,276.07,119.06,102.23,52.08,7.294,418.2,6.083,17.87,0
261,7,6,46,0.9363,539.07,254.93,121.71,84.07,78.36,6.876,358.91,3.725,17.03,0
262,7,0,54,0.9355,591.46,299.48,98.7,80.13,113.15,7.053,331.01,6.126,16.35,1
263,7,1,46,0.9347,580.79,274.67,131.99,92.34,81.79,7.395,401.14,4.163,19.89,1
264,7,2,50,0.9339,631.48,328.51,123.01,77.5,102.45,7.382,518.7,5.026,19.04,1
265,7,3,47,0.9331,588.92,287.37,107.84,90.04,103.67,6.917,396.55,4.042,17.39,1
266,7,4,48,0.9324,647.65,298.58,117.17,117.73,114.17,6.855,509.39,5.277,15.69,1
267,7,5,46,0.9317,583.0,277.22,117.86,78.57,109.35,7.365,423.8,4.079,18.69,0
268,7,6,42,0.9309,552.34,277.77,89.94,98.56,86.06,7.174,351.29,6.28,16.43,0
269,7,0,51,0.9303,593.86,311.43,58.99,98.2,125.24,7.126,331.3,4.157,18.86,1
270,7,1,54,0.9296,633.67,348.51,72.15,103.34,109.67,7.305,404.29,3.805,15.89,1
271,7,2,44,0.929,622.91,280.92,150.42,84.01,107.55,7.41,473.7,3.435,17.11,1
272,7,3,52,0.9283,619.14,313.17,106.81,93.95,105.21,6.971,273.65,4.054,16.24,1
273,7,4,51,0.9277,612.06,326.07,71.28,115.9,98.81,7.316,401.29,4.192,18.24,1
274,8,5,48,0.9272,687.78,315.43,184.96,94.01,93.38,7.177,501.26,4.56,17.57,0
275,8,6,42,0.9266,512.77,239.19,100.45,103.22,69.92,7.466,434.4,5.193,16.97,0
276,8,0,54,0.9261,612.33,286.82,171.87,41.34,112.3,7.01,439.63,5.18,17.04,1
277,8,1,53,0.9255,677.78,321.71,132.42,119.86,103.78,7.039,513.73,3.118,18.07,1
278,8,2,55,0.925,662.26,305.0,147.82,76.38,133.05,6.739,443.55,5.065,16.26,1
279,8,3,51,0.9246,588.57,276.69,87.29,102.6,121.99,6.875,445.2,4.212,16.34,1
280,8,4,52,0.9241,651.37,302.04,156.76,92.13,100.44,6.913,427.61,6.204,18.27,1
281,8,5,40,0.9237,505.0,236.67,129.16,63.85,75.33,7.098,415.34,4.518,17.82,0
282,8,6,51,0.9233,618.89,347.68,100.19,67.66,103.35,7.142,349.97,5.877,14.56,0
283,8,0,49,0.9229,661.47,314.15,145.27,79.63,122.41,7.099,361.58,6.39,18.88,1
284,8,1,51,0.9226,635.07,301.93,147.76,74.99,110.4,7.056,433.41,5.247,16.73,1
285,8,2,54,0.9222,677.01,340.1,115.79,88.45,132.67,7.158,434.61,4.158,16.91,1
286,8,3,50,0.9219,605.83,271.2,122.77,98.25,113.6,7.127,431.54,3.006,17.5,1
287,8,4,55,0.9216,711.8,327.82,162.88,96.01,125.09,6.812,394.31,4.933,16.92,1
288,8,5,44,0.9214,552.47,224.33,121.48,112.73,93.93,7.15,338.09,4.676,16.92,0
289,8,6,44,0.9211,609.55,243.49,166.47,107.8,91.79,7.697,438.73,6.565,18.42,0
290,8,0,50,0.9209,625.91,337.53,83.61,93.93,110.84,6.807,351.18,4.236,17.55,1
291,8,1,51,0.9207,602.57,343.79,69.42,90.38,98.99,7.185,328.08,3.697,16.18,1
292,8,2,54,0.9205,641.7,309.91,132.71,87.25,111.83,6.818,385.71,2.713,17.49,1
293,8,3,46,0.9204,615.22,286.24,118.1,84.27,126.6,7.273,471.8,3.998,16.98,1
294,8,4,50,0.9203,636.08,328.6,118.01,54.77,134.7,7.143,447.73,4.129,18.32,1
295,8,5,45,0.9202,529.96,279.37,93.93,56.42,100.23,6.629,453.04,3.878,15.27,0
296,8,6,40,0.9201,527.62,233.39,98.3,107.9,88.03,7.409,402.61,3.654,15.7,0
297,8,0,55,0.92,595.71,307.23,75.57,91.95,120.96,6.574,493.88,3.579,15.65,1
298,8,1,52,0.92,691.38,336.78,135.46,95.51,123.63,7.019,458.78,6.319,14.41,1
299,8,2,48,0.92,650.96,310.73,138.23,83.09,118.91,6.439,473.62,6.45,16.14,1
300,8,3,53,0.92,701.84,309.65,148.62,119.7,123.89,6.742,378.68,3.222,16.13,1
301,8,4,52,0.9201,614.22,308.04,113.26,82.77,110.16,6.611,407.61,3.757,15.38,1
302,8,5,43,0.9201,631.74,289.86,180.56,73.25,88.06,7.116,448.05,4.527,15.53,0
303,8,6,46,0.9202,620.43,271.06,145.36,92.95,111.06,7.108,404.47,4.495,14.4,0
304,8,0,56,0.9203,634.33,329.55,91.55,85.74,127.49,7.051,256.99,6.352,16.37,1
305,9,1,47,0.9205,606.8,265.56,130.99,96.17,114.08,7.049,506.83,4.1,15.08,1
306,9,2,52,0.9206,712.01,353.93,169.3,91.76,97.03,7.124,452.26,4.001,15.74,1
307,9,3,48,0.9208,600.84,310.35,119.85,78.24,92.39,7.555,394.97,3.811,15.99,1
308,9,4,57,0.921,834.84,378.97,215.14,99.04,141.68,7.334,407.04,6.211,17.34,1
309,9,5,39,0.9212,523.85,231.74,101.53,91.79,98.79,6.983,398.08,6.812,14.84,0
310,9,6,45,0.9215,494.85,250.29,71.84,91.84,80.88,6.876,458.94,4.968,14.11,0
311,9,0,54,0.9218,650.06,322.81,109.43,79.78,138.04,7.27,443.08,4.681,16.02,1
312,9,1,52,0.9221,635.93,307.0,103.37,115.39,110.16,7.271,413.35,5.008,14.21,1
313,9,2,52,0.9224,646.06,298.01,141.26,94.31,112.48,7.218,444.61,2.772,14.02,1
314,9,3,49,0.9227,563.09,299.71,87.81,97.37,78.19,7.116,486.47,5.591,14.9,1
315,9,4,50,0.9231,669.34,328.93,146.98,84.69,108.74,6.979,404.32,4.327,18.89,1
316,9,5,46,0.9235,669.04,279.25,153.45,97.25,139.09,7.078,467.23,3.883,16.56,0
317,9,6,42,0.9239,577.68,247.28,144.35,90.41,95.65,6.97,452.22,4.626,14.3,0
318,9,0,57,0.9244,629.4,355.75,74.27,92.22,107.16,7.309,538.96,4.362,15.78,1
319,9,1,53,0.9248,667.82,343.01,142.84,72.81,109.16,7.35,359.29,4.688,15.79,1
320,9,2,49,0.9253,627.7,295.74,138.42,82.64,110.9,7.087,476.99,5.149,14.0,1
321,9,3,53,0.9258,592.4,316.26,107.34,76.63,92.17,6.797,366.76,4.451,15.58,1
322,9,4,50,0.9263,575.5,245.23,131.0,91.43,107.85,7.018,394.78,3.37,16.72,1
323,9,5,40,0.9269,519.92,237.5,114.23,79.57,88.63,7.114,323.27,3.057,17.29,0
324,9,6,41,0.9274,569.05,256.2,134.7,77.1,101.06,7.338,501.38,3.95,17.89,0
325,9,0,53,0.928,665.52,305.34,142.44,104.37,113.37,6.837,454.12,5.092,17.67,1
326,9,1,50,0.9286,634.6,324.12,132.26,77.27,100.95,6.855,334.15,4.317,18.25,1
327,9,2,56,0.9293,672.61,342.57,115.23,83.76,131.06,7.29,379.79,4.641,15.97,1
328,9,3,54,0.9299,653.56,321.0,156.27,95.55,80.74,7.332,395.47,3.132,16.25,1
329,9,4,51,0.9306,619.33,306.15,96.25,96.88,120.05,7.164,534.64,5.267,15.92,1
330,9,5,41,0.9313,620.08,288.31,175.55,73.78,82.44,7.23,449.21,4.298,14.0,0
331,9,6,43,0.932,611.04,294.07,127.71,90.14,99.12,7.113,395.25,3.965,15.45,0
332,9,0,54,0.9328,635.24,310.65,118.88,83.88,121.82,7.033,512.95,4.006,16.74,1
333,9,1,53,0.9335,654.79,302.99,149.51,92.44,109.86,6.83,496.93,5.271,15.44,1
334,9,2,53,0.9343,667.26,327.99,114.97,86.42,137.88,6.842,412.16,4.602,16.74,1
335,10,3,52,0.9351,626.14,310.95,141.4,76.37,97.41,6.947,455.93,5.208,16.71,1
336,10,4,52,0.9359,521.51,284.59,45.09,72.63,119.21,7.065,325.74,3.935,14.88,1
337,10,5,46,0.9367,587.52,286.25,117.03,76.23,108.01,7.197,388.62,4.351,15.37,0
338,10,6,47,0.9376,553.99,283.91,66.53,102.04,101.51,7.08,440.84,2.64,17.17,0
339,10,0,48,0.9384,558.47,249.95,102.34,73.27,132.92,6.832,493.46,6.184,16.2,1
340,10,1,51,0.9393,595.5,289.3,113.08,75.6,117.52,6.929,383.5,3.292,17.24,1
341,10,2,60,0.9402,670.12,323.79,111.16,109.26,125.91,6.918,373.22,4.322,15.95,1
342,10,3,49,0.9412,574.19,277.15,88.57,101.85,106.63,7.074,444.26,3.787,15.53,1
343,10,4,46,0.9421,624.26,246.57,164.56,92.77,120.36,6.812,409.46,3.198,18.34,1
344,10,5,45,0.9431,562.21,279.46,94.9,89.53,98.32,7.109,360.31,3.493,17.99,0
345,10,6,43,0.944,507.07,243.01,72.49,95.58,95.99,7.216,457.22,4.317,15.02,0
346,10,0,55,0.945,614.13,280.18,136.03,86.89,111.03,6.479,459.03,5.575,16.08,1
347,10,1,58,0.946,649.98,322.23,106.91,93.32,127.52,7.0,370.14,5.037,17.26,1
348,10,2,56,0.9471,616.46,303.28,112.0,87.46,113.72,7.216,393.27,4.282,16.13,1
349,10,3,50,0.9481,686.55,336.96,155.02,70.69,123.88,7.001,340.51,4.03,16.34,1
350,10,4,56,0.9492,716.88,338.19,175.48,88.67,114.55,7.099,399.31,6.347,16.96,1
351,10,5,44,0.9502,544.96,251.87,91.96,94.7,106.42,6.966,451.29,4.973,17.59,0
352,10,6,41,0.9513,567.32,262.23,125.63,81.54,97.92,7.323,372.38,5.925,17.58,0
353,10,0,47,0.9524,676.68,315.94,168.04,62.4,130.29,6.886,354.37,5.672,17.7,1
354,10,1,53,0.9535,646.5,309.7,150.2,80.18,106.42,7.328,320.98,4.643,17.24,1
355,10,2,48,0.9547,636.59,282.99,151.79,85.66,116.15,6.942,467.67,2.802,17.66,1
356,10,3,51,0.9558,615.08,314.35,100.97,106.51,93.25,6.995,459.55,4.749,17.97,1
357,10,4,52,0.957,677.16,329.08,155.71,91.2,101.16,7.011,457.58,5.522,18.4,1
358,10,5,44,0.9581,608.48,288.82,134.39,93.94,91.33,6.99,325.42,5.705,18.54,0
359,10,6,43,0.9593,648.21,275.14,171.21,91.17,110.69,7.078,496.92,4.074,16.92,0
360,10,0,50,0.9605,565.92,270.49,91.45,102.63,101.35,7.26,489.26,1.201,17.22,1
361,10,1,51,0.9617,653.98,316.62,164.39,73.7,99.27,7.11,388.96,5.477,17.94,1
362,10,2,51,0.9629,728.54,323.91,181.16,123.47,100.0,7.033,485.95,4.631,17.23,1
363,10,3,48,0.9641,627.33,266.88,146.85,111.16,102.45,7.369,372.08,3.763,16.27,1
364,10,4,48,0.9654,665.53,305.52,134.36,98.49,127.15,6.73,413.11,3.848,19.77,1
365,10,5,47,0.9666,548.22,256.83,118.42,89.86,83.11,7.096,387.83,4.766,18.28,0
