date,potable_before_l
2025-11-01,696.18
2025-11-02,771.76
2025-11-03,1194.53
2025-11-04,1082.8
2025-11-05,1108.77
2025-11-06,1262.32
2025-11-07,1059.06
2025-11-08,871.52
2025-11-09,837.01
2025-11-10,1124.37
2025-11-11,1115.32
2025-11-12,1062.67
2025-11-13,1108.59
2025-11-14,1016.85
2025-11-15,832.17
2025-11-16,762.15
2025-11-17,1027.48
2025-11-18,1101.16
2025-11-19,1092.1
2025-11-20,1122.09
2025-11-21,1226.08
2025-11-22,713.23
2025-11-23,1020.98
2025-11-24,1079.75
2025-11-25,1028.35
2025-11-26,1157.2
2025-11-27,1123.16
2025-11-28,1108.91
2025-11-29,923.76
2025-11-30,972.29
2025-12-01,1107.98
2025-12-02,1255.41
2025-12-03,1001.03
2025-12-04,1107.6
2025-12-05,1038.69
2025-12-06,906.09
2025-12-07,922.11
2025-12-08,1293.04
2025-12-09,1165.66
2025-12-10,1210.13
2025-12-11,1080.93
2025-12-12,1052.22
2025-12-13,790.92
2025-12-14,894.76
2025-12-15,1179.13
2025-12-16,1167.6
2025-12-17,1117.56
2025-12-18,1083.01
2025-12-19,1230.13
2025-12-20,844.29
2025-12-21,914.94
2025-12-22,1131.46
2025-12-23,1137.71
2025-12-24,998.11
2025-12-25,1137.89
2025-12-26,1094.28
2025-12-27,858.94
2025-12-28,962.16
2025-12-29,1143.66
2025-12-30,1199.27
2025-12-31,1173.11
2026-01-01,1308.9
2026-01-02,1266.11
2026-01-03,1036.1
2026-01-04,977.98
2026-01-05,1077.17
2026-01-06,998.01
2026-01-07,1212.09
2026-01-08,1072.53
2026-01-09,1103.36
2026-01-10,909.7
2026-01-11,794.52
2026-01-12,1185.75
2026-01-13,1129.38
2026-01-14,1207.66
2026-01-15,1322.03
2026-01-16,1183.69
2026-01-17,1026.77
2026-01-18,946.29
2026-01-19,1165.54
2026-01-20,1206.28
2026-01-21,1123.33
2026-01-22,1164.39
2026-01-23,1184.03
2026-01-24,913.92
2026-01-25,712.03
2026-01-26,1274.32
2026-01-27,1235.21
2026-01-28,1315.32
2026-01-29,1154.19
2026-01-30,1133.84
2026-01-31,849.8
2026-02-01,823.05
2026-02-02,1166.42
2026-02-03,1142.13
2026-02-04,1158.32
2026-02-05,1148.24
2026-02-06,1107.7
2026-02-07,968.26
2026-02-08,874.08
2026-02-09,1156.95
2026-02-10,1119.56
2026-02-11,1156.85
2026-02-12,1377.54
2026-02-13,1177.09
2026-02-14,982.66
2026-02-15,920.7
2026-02-16,1204.06
2026-02-17,1213.67
2026-02-18,1045.17
2026-02-19,1107.55
2026-02-20,1081.25
2026-02-21,942.32
2026-02-22,1047.14
2026-02-23,1265.47
2026-02-24,1240.88
2026-02-25,1251.56
2026-02-26,1272.38
2026-02-27,1160.44
2026-02-28,894.24
2026-03-01,849.4
2026-03-02,1063.43
2026-03-03,1166.11
2026-03-04,1068.57
2026-03-05,1379.27
2026-03-06,1273.86
2026-03-07,985.65
2026-03-08,961.03
2026-03-09,1176.99
2026-03-10,1196.56
2026-03-11,1039.58
2026-03-12,1265.8
2026-03-13,1167.88
2026-03-14,927.37
2026-03-15,783.79
2026-03-16,1228.06
2026-03-17,1217.03
2026-03-18,1187.89
2026-03-19,1292.21
2026-03-20,1128.73
2026-03-21,886.32
2026-03-22,1019.92
2026-03-23,1172.68
2026-03-24,1210.21
2026-03-25,1118.24
2026-03-26,1083.59
2026-03-27,1212.4
2026-03-28,765.72
2026-03-29,795.95
2026-03-30,1100.93
2026-03-31,1249.9
2026-04-01,1173.42
2026-04-02,1248.37
2026-04-03,987.76
2026-04-04,937.49
2026-04-05,1011.68
2026-04-06,1200.62
2026-04-07,1150.27
2026-04-08,1214.49
2026-04-09,1289.2
2026-04-10,1125.67
2026-04-11,883.0
2026-04-12,873.87
2026-04-13,1138.01
2026-04-14,965.22
2026-04-15,1300.43
2026-04-16,1173.16
2026-04-17,1083.0
2026-04-18,905.52
2026-04-19,953.72
2026-04-20,1214.31
2026-04-21,1119.01
2026-04-22,1097.83
2026-04-23,1393.75
2026-04-24,1049.33
2026-04-25,769.01
2026-04-26,781.62
2026-04-27,1142.18
2026-04-28,1201.34
2026-04-29,1195.94
2026-04-30,1189.93
2026-05-01,996.12
2026-05-02,921.87
2026-05-03,768.17
2026-05-04,1108.21
2026-05-05,1136.09
2026-05-06,1175.62
2026-05-07,1164.23
2026-05-08,1144.67
2026-05-09,770.56
2026-05-10,761.67
2026-05-11,1210.18
2026-05-12,988.47
2026-05-13,1064.24
2026-05-14,1145.18
2026-05-15,1134.6
2026-05-16,769.01
2026-05-17,856.54
2026-05-18,997.86
2026-05-19,1198.93
2026-05-20,1118.81
2026-05-21,1125.43
2026-05-22,1120.04
2026-05-23,803.09
2026-05-24,850.43
2026-05-25,1059.14
2026-05-26,1164.01
2026-05-27,1122.46
2026-05-28,1124.72
2026-05-29,1123.45
2026-05-30,752.98
2026-05-31,741.45
2026-06-01,1089.8
2026-06-02,907.06
2026-06-03,1162.6
2026-06-04,889.55
2026-06-05,1053.0
2026-06-06,717.05
2026-06-07,787.86
2026-06-08,1052.1
2026-06-09,1124.86
2026-06-10,1094.96
2026-06-11,1057.04
2026-06-12,1113.8
2026-06-13,845.75
2026-06-14,791.09
2026-06-15,1227.72
2026-06-16,1113.08
2026-06-17,1084.59
2026-06-18,1236.44
2026-06-19,1090.31
2026-06-20,899.23
2026-06-21,760.53
2026-06-22,1009.05
2026-06-23,1118.83
2026-06-24,1167.34
2026-06-25,1060.25
2026-06-26,976.49
2026-06-27,886.24
2026-06-28,827.41
2026-06-29,1238.74
2026-06-30,910.8
2026-07-01,1039.17
2026-07-02,1096.57
2026-07-03,1170.58
2026-07-04,768.28
2026-07-05,729.94
2026-07-06,1151.89
2026-07-07,1081.86
2026-07-08,860.88
2026-07-09,988.91
2026-07-10,951.61
2026-07-11,708.2
2026-07-12,696.44
2026-07-13,1067.93
2026-07-14,1070.84
2026-07-15,964.62
2026-07-16,972.53
2026-07-17,1058.62
2026-07-18,674.08
2026-07-19,853.37
2026-07-20,1030.47
2026-07-21,896.17
2026-07-22,1008.99
2026-07-23,1007.44
2026-07-24,901.85
2026-07-25,667.39
2026-07-26,699.04
2026-07-27,997.42
2026-07-28,1079.01
2026-07-29,901.83
2026-07-30,1022.46
2026-07-31,1005.49
2026-08-01,869.44
2026-08-02,650.0
2026-08-03,1142.65
2026-08-04,1051.04
2026-08-05,1076.57
2026-08-06,983.41
2026-08-07,1095.76
2026-08-08,650.0
2026-08-09,846.26
2026-08-10,1002.95
2026-08-11,926.88
2026-08-12,1125.95
2026-08-13,946.87
2026-08-14,1138.34
2026-08-15,818.25
2026-08-16,759.37
2026-08-17,977.66
2026-08-18,1009.62
2026-08-19,1100.08
