date,sensor_id,replacement_required
2025-11-01,PH-001,0
2025-11-02,PH-001,0
2025-11-03,PH-001,0
2025-11-04,PH-001,0
2025-11-05,PH-001,0
2025-11-06,PH-001,0
2025-11-07,PH-001,0
2025-11-08,PH-001,0
2025-11-09,PH-001,0
2025-11-10,PH-001,0
2025-11-11,PH-001,0
2025-11-12,PH-001,0
2025-11-13,PH-001,0
2025-11-14,PH-001,0
2025-11-15,PH-001,0
2025-11-16,PH-001,0
2025-11-17,PH-001,0
2025-11-18,PH-001,0
2025-11-19,PH-001,0
2025-11-20,PH-001,0
2025-11-21,PH-001,0
2025-11-22,PH-001,0
2025-11-23,PH-001,0
2025-11-24,PH-001,0
2025-11-25,PH-001,0
2025-11-26,PH-001,0
2025-11-27,PH-001,0
2025-11-28,PH-001,0
2025-11-29,PH-001,0
2025-11-30,PH-001,0
2025-12-01,PH-001,0
2025-12-02,PH-001,0
2025-12-03,PH-001,0
2025-12-04,PH-001,0
2025-12-05,PH-001,0
2025-12-06,PH-001,0
2025-12-07,PH-001,0
2025-12-08,PH-001,0
2025-12-09,PH-001,0
2025-12-10,PH-001,0
2025-12-11,PH-001,0
2025-12-12,PH-001,0
2025-12-13,PH-001,0
2025-12-14,PH-001,0
2025-12-15,PH-001,0
2025-12-16,PH-001,0
2025-12-17,PH-001,0
2025-12-18,PH-001,0
2025-12-19,PH-001,0
2025-12-20,PH-001,0
2025-12-21,PH-001,0
2025-12-22,PH-001,0
2025-12-23,PH-001,0
2025-12-24,PH-001,0
2025-12-25,PH-001,0
2025-12-26,PH-001,0
2025-12-27,PH-001,0
2025-12-28,PH-001,0
2025-12-29,PH-001,0
2025-12-30,PH-001,0
2025-12-31,PH-001,0
2026-01-01,PH-001,0
2026-01-02,PH-001,0
2026-01-03,PH-001,0
2026-01-04,PH-001,0
2026-01-05,PH-001,0
2026-01-06,PH-001,0
2026-01-07,PH-001,0
2026-01-08,PH-001,0
2026-01-09,PH-001,0
2026-01-10,PH-001,0
2026-01-11,PH-001,0
2026-01-12,PH-001,0
2026-01-13,PH-001,0
2026-01-14,PH-001,0
2026-01-15,PH-001,0
2026-01-16,PH-001,0
2026-01-17,PH-001,0
2026-01-18,PH-001,0
2026-01-19,PH-001,0
2026-01-20,PH-001,0
2026-01-21,PH-001,0
2026-01-22,PH-001,0
2026-01-23,PH-001,0
2026-01-24,PH-001,0
2026-01-25,PH-001,0
2026-01-26,PH-001,0
2026-01-27,PH-001,0
2026-01-28,PH-001,0
2026-01-29,PH-001,0
2026-01-30,PH-001,0
2026-01-31,PH-001,0
2026-02-01,PH-001,0
2026-02-02,PH-001,0
2026-02-03,PH-001,0
2026-02-04,PH-001,0
2026-02-05,PH-001,0
2026-02-06,PH-001,0
2026-02-07,PH-001,0
2026-02-08,PH-001,0
2026-02-09,PH-001,0
2026-02-10,PH-001,0
2026-02-11,PH-001,0
2026-02-12,PH-001,0
2026-02-13,PH-001,0
2026-02-14,PH-001,0
2026-02-15,PH-001,0
2026-02-16,PH-001,0
2026-02-17,PH-001,0
2026-02-18,PH-001,0
2026-02-19,PH-001,0
2026-02-20,PH-001,0
2026-02-21,PH-001,0
2026-02-22,PH-001,0
2026-02-23,PH-001,0
2026-02-24,PH-001,0
2026-02-25,PH-001,0
2026-02-26,PH-001,0
2026-02-27,PH-001,0
2026-02-28,PH-001,0
2026-03-01,PH-001,0
2026-03-02,PH-001,0
2026-03-03,PH-001,0
2026-03-04,PH-001,0
2026-03-05,PH-001,0
2026-03-06,PH-001,0
2026-03-07,PH-001,0
2026-03-08,PH-001,0
2026-03-09,PH-001,0
2026-03-10,PH-001,0
2026-03-11,PH-001,0
2026-03-12,PH-001,0
2026-03-13,PH-001,0
2026-03-14,PH-001,0
2026-03-15,PH-001,0
2026-03-16,PH-001,0
2026-03-17,PH-001,0
2026-03-18,PH-001,0
2026-03-19,PH-001,0
2026-03-20,PH-001,0
2026-03-21,PH-001,0
2026-03-22,PH-001,0
2026-03-23,PH-001,0
2026-03-24,PH-001,0
2026-03-25,PH-001,0
2026-03-26,PH-001,0
2026-03-27,PH-001,0
2026-03-28,PH-001,0
2026-03-29,PH-001,0
2026-03-30,PH-001,0
2026-03-31,PH-001,0
2026-04-01,PH-001,0
2026-04-02,PH-001,0
2026-04-03,PH-001,0
2026-04-04,PH-001,0
2026-04-05,PH-001,0
2026-04-06,PH-001,0
2026-04-07,PH-001,0
2026-04-08,PH-001,0
2026-04-09,PH-001,0
2026-04-10,PH-001,0
2026-04-11,PH-001,0
2026-04-12,PH-001,0
2026-04-13,PH-001,0
2026-04-14,PH-001,0
2026-04-15,PH-001,0
2026-04-16,PH-001,0
2026-04-17,PH-001,0
2026-04-18,PH-001,0
2026-04-19,PH-001,0
2026-04-20,PH-001,0
2026-04-21,PH-001,0
2026-04-22,PH-001,0
2026-04-23,PH-001,0
2026-04-24,PH-001,0
2026-04-25,PH-001,0
2026-04-26,PH-001,0
2026-04-27,PH-001,0
2026-04-28,PH-001,0
2026-04-29,PH-001,0
2026-04-30,PH-001,0
2026-05-01,PH-001,0
2026-05-02,PH-001,0
2026-05-03,PH-001,0
2026-05-04,PH-001,0
2026-05-05,PH-001,0
2026-05-06,PH-001,0
2026-05-07,PH-001,0
2026-05-08,PH-001,0
2026-05-09,PH-001,0
2026-05-10,PH-001,0
2026-05-11,PH-001,0
2026-05-12,PH-001,0
2026-05-13,PH-001,0
2026-05-14,PH-001,0
2026-05-15,PH-001,0
2026-05-16,PH-001,0
2026-05-17,PH-001,0
2026-05-18,PH-001,0
2026-05-19,PH-001,0
2026-05-20,PH-001,0
2026-05-21,PH-001,0
2026-05-22,PH-001,0
2026-05-23,PH-001,0
2026-05-24,PH-001,0
2026-05-25,PH-001,0
2026-05-26,PH-001,0
2026-05-27,PH-001,0
2026-05-28,PH-001,0
2026-05-29,PH-001,0
2026-05-30,PH-001,0
2026-05-31,PH-001,0
2026-06-01,PH-001,0
2026-06-02,PH-001,0
2026-06-03,PH-001,0
2026-06-04,PH-001,0
2026-06-05,PH-001,0
2026-06-06,PH-001,0
2026-06-07,PH-001,0
2026-06-08,PH-001,0
2026-06-09,PH-001,0
2026-06-10,PH-001,0
2026-06-11,PH-001,0
2026-06-12,PH-001,0
2026-06-13,PH-001,0
2026-06-14,PH-001,0
2026-06-15,PH-001,0
2026-06-16,PH-001,0
2026-06-17,PH-001,0
2026-06-18,PH-001,0
2026-06-19,PH-001,0
2026-06-20,PH-001,0
2026-06-21,PH-001,0
2026-06-22,PH-001,0
2026-06-23,PH-001,0
2026-06-24,PH-001,0
2026-06-25,PH-001,0
2026-06-26,PH-001,0
2026-06-27,PH-001,0
2026-06-28,PH-001,0
2026-06-29,PH-001,0
2026-06-30,PH-001,0
2026-07-01,PH-001,0
2026-07-02,PH-001,0
2026-07-03,PH-001,0
2026-07-04,PH-001,0
2026-07-05,PH-001,0
2026-07-06,PH-001,0
2026-07-07,PH-001,0
2026-07-08,PH-001,0
2026-07-09,PH-001,0
2026-07-10,PH-001,0
2026-07-11,PH-001,0
2026-07-12,PH-001,0
2026-07-13,PH-001,0
2026-07-14,PH-001,0
2026-07-15,PH-001,0
2026-07-16,PH-001,0
2026-07-17,PH-001,0
2026-07-18,PH-001,0
2026-07-19,PH-001,0
2026-07-20,PH-001,0
2026-07-21,PH-001,0
2026-07-22,PH-001,0
2026-07-23,PH-001,0
2026-07-24,PH-001,0
2026-07-25,PH-001,0
2026-07-26,PH-001,0
2026-07-27,PH-001,0
2026-07-28,PH-001,0
2026-07-29,PH-001,0
2026-07-30,PH-001,0
2026-07-31,PH-001,0
2026-08-01,PH-001,0
2026-08-02,PH-001,0
2026-08-03,PH-001,0
2026-08-04,PH-001,0
2026-08-05,PH-001,0
2026-08-06,PH-001,0
2026-08-07,PH-001,0
2026-08-08,PH-001,0
2026-08-09,PH-001,0
2026-08-10,PH-001,0
2026-08-11,PH-001,0
2026-08-12,PH-001,0
2026-08-13,PH-001,0
2026-08-14,PH-001,0
2026-08-15,PH-001,0
2026-08-16,PH-001,0
2026-08-17,PH-001,0
2026-08-18,PH-001,0
2026-08-19,PH-001,0
2026-08-20,PH-001,0
2026-08-21,PH-001,0
2026-08-22,PH-001,0
2026-08-23,PH-001,0
2026-08-24,PH-001,0
2026-08-25,PH-001,0
2026-08-26,PH-001,0
2026-08-27,PH-001,0
2026-08-28,PH-001,0
2026-08-29,PH-001,0
2026-08-30,PH-001,0
2026-08-31,PH-001,0
2026-09-01,PH-001,0
2026-09-02,PH-001,0
2026-09-03,PH-001,0
2026-09-04,PH-001,0
2026-09-05,PH-001,0
2026-09-06,PH-001,0
2026-09-07,PH-001,0
2026-09-08,PH-001,0
2026-09-09,PH-001,0
2026-09-10,PH-001,0
2026-09-11,PH-001,0
2026-09-12,PH-001,0
2026-09-13,PH-001,0
2026-09-14,PH-001,0
2026-09-15,PH-001,0
2026-09-16,PH-001,0
2026-09-17,PH-001,0
2026-09-18,PH-001,0
2026-09-19,PH-001,0
2026-09-20,PH-001,0
2026-09-21,PH-001,0
2026-09-22,PH-001,0
2026-09-23,PH-001,1
2026-09-24,PH-001,1
2026-09-25,PH-001,1
2026-09-26,PH-001,1
2026-09-27,PH-001,1
2026-09-28,PH-001,1
2026-09-29,PH-001,1
2026-09-30,PH-001,1
2026-10-01,PH-001,1
2026-10-02,PH-001,1
2026-10-03,PH-001,1
2026-10-04,PH-001,1
2026-10-05,PH-001,1
2026-10-06,PH-001,1
2026-10-07,PH-001,1
2026-10-08,PH-001,1
2026-10-09,PH-001,1
2026-10-10,PH-001,1
2026-10-11,PH-001,1
2026-10-12,PH-001,1
2026-10-13,PH-001,1
2026-10-14,PH-001,1
2026-10-15,PH-001,1
2026-10-16,PH-001,1
2026-10-17,PH-001,1
2026-10-18,PH-001,1
2026-10-19,PH-001,1
2026-10-20,PH-001,1
2026-10-21,PH-001,1
2026-10-22,PH-001,1
2026-10-23,PH-001,1
2026-10-24,PH-001,1
2026-10-25,PH-001,1
2026-10-26,PH-001,1
2026-10-27,PH-001,1
2026-10-28,PH-001,1
2026-10-29,PH-001,1
2026-10-30,PH-001,1
2026-10-31,PH-001,1
2025-11-01,TDS-001,0
2025-11-02,TDS-001,0
2025-11-03,TDS-001,0
2025-11-04,TDS-001,0
2025-11-05,TDS-001,0
2025-11-06,TDS-001,0
2025-11-07,TDS-001,0
2025-11-08,TDS-001,0
2025-11-09,TDS-001,0
2025-11-10,TDS-001,0
2025-11-11,TDS-001,0
2025-11-12,TDS-001,0
2025-11-13,TDS-001,0
2025-11-14,TDS-001,0
2025-11-15,TDS-001,0
2025-11-16,TDS-001,0
2025-11-17,TDS-001,0
2025-11-18,TDS-001,0
2025-11-19,TDS-001,0
2025-11-20,TDS-001,0
2025-11-21,TDS-001,0
2025-11-22,TDS-001,0
2025-11-23,TDS-001,0
2025-11-24,TDS-001,0
2025-11-25,TDS-001,0
2025-11-26,TDS-001,0
2025-11-27,TDS-001,0
2025-11-28,TDS-001,0
2025-11-29,TDS-001,0
2025-11-30,TDS-001,0
2025-12-01,TDS-001,0
2025-12-02,TDS-001,0
2025-12-03,TDS-001,0
2025-12-04,TDS-001,0
2025-12-05,TDS-001,0
2025-12-06,TDS-001,0
2025-12-07,TDS-001,0
2025-12-08,TDS-001,0
2025-12-09,TDS-001,0
2025-12-10,TDS-001,0
2025-12-11,TDS-001,0
2025-12-12,TDS-001,0
2025-12-13,TDS-001,0
2025-12-14,TDS-001,0
2025-12-15,TDS-001,0
2025-12-16,TDS-001,0
2025-12-17,TDS-001,0
2025-12-18,TDS-001,0
2025-12-19,TDS-001,0
2025-12-20,TDS-001,0
2025-12-21,TDS-001,0
2025-12-22,TDS-001,0
2025-12-23,TDS-001,0
2025-12-24,TDS-001,0
2025-12-25,TDS-001,0
2025-12-26,TDS-001,0
2025-12-27,TDS-001,0
2025-12-28,TDS-001,0
2025-12-29,TDS-001,0
2025-12-30,TDS-001,0
2025-12-31,TDS-001,0
2026-01-01,TDS-001,0
2026-01-02,TDS-001,0
2026-01-03,TDS-001,0
2026-01-04,TDS-001,0
2026-01-05,TDS-001,0
2026-01-06,TDS-001,0
2026-01-07,TDS-001,0
2026-01-08,TDS-001,0
2026-01-09,TDS-001,0
2026-01-10,TDS-001,0
2026-01-11,TDS-001,0
2026-01-12,TDS-001,0
2026-01-13,TDS-001,0
2026-01-14,TDS-001,0
2026-01-15,TDS-001,0
2026-01-16,TDS-001,0
2026-01-17,TDS-001,0
2026-01-18,TDS-001,0
2026-01-19,TDS-001,0
2026-01-20,TDS-001,0
2026-01-21,TDS-001,0
2026-01-22,TDS-001,0
2026-01-23,TDS-001,0
2026-01-24,TDS-001,0
2026-01-25,TDS-001,0
2026-01-26,TDS-001,0
2026-01-27,TDS-001,0
2026-01-28,TDS-001,0
2026-01-29,TDS-001,0
2026-01-30,TDS-001,0
2026-01-31,TDS-001,0
2026-02-01,TDS-001,0
2026-02-02,TDS-001,0
2026-02-03,TDS-001,0
2026-02-04,TDS-001,0
2026-02-05,TDS-001,0
2026-02-06,TDS-001,0
2026-02-07,TDS-001,0
2026-02-08,TDS-001,0
2026-02-09,TDS-001,0
2026-02-10,TDS-001,0
2026-02-11,TDS-001,0
2026-02-12,TDS-001,0
2026-02-13,TDS-001,0
2026-02-14,TDS-001,0
2026-02-15,TDS-001,0
2026-02-16,TDS-001,0
2026-02-17,TDS-001,0
2026-02-18,TDS-001,0
2026-02-19,TDS-001,0
2026-02-20,TDS-001,0
2026-02-21,TDS-001,0
2026-02-22,TDS-001,0
2026-02-23,TDS-001,0
2026-02-24,TDS-001,0
2026-02-25,TDS-001,0
2026-02-26,TDS-001,0
2026-02-27,TDS-001,0
2026-02-28,TDS-001,0
2026-03-01,TDS-001,0
2026-03-02,TDS-001,0
2026-03-03,TDS-001,0
2026-03-04,TDS-001,0
2026-03-05,TDS-001,0
2026-03-06,TDS-001,0
2026-03-07,TDS-001,0
2026-03-08,TDS-001,0
2026-03-09,TDS-001,0
2026-03-10,TDS-001,0
2026-03-11,TDS-001,0
2026-03-12,TDS-001,0
2026-03-13,TDS-001,0
2026-03-14,TDS-001,0
2026-03-15,TDS-001,0
2026-03-16,TDS-001,0
2026-03-17,TDS-001,0
2026-03-18,TDS-001,0
2026-03-19,TDS-001,0
2026-03-20,TDS-001,0
2026-03-21,TDS-001,0
2026-03-22,TDS-001,0
2026-03-23,TDS-001,0
2026-03-24,TDS-001,0
2026-03-25,TDS-001,0
2026-03-26,TDS-001,0
2026-03-27,TDS-001,0
2026-03-28,TDS-001,0
2026-03-29,TDS-001,0
2026-03-30,TDS-001,0
2026-03-31,TDS-001,0
2026-04-01,TDS-001,0
2026-04-02,TDS-001,0
2026-04-03,TDS-001,0
2026-04-04,TDS-001,0
2026-04-05,TDS-001,0
2026-04-06,TDS-001,0
2026-04-07,TDS-001,0
2026-04-08,TDS-001,0
2026-04-09,TDS-001,0
2026-04-10,TDS-001,0
2026-04-11,TDS-001,0
2026-04-12,TDS-001,0
2026-04-13,TDS-001,0
2026-04-14,TDS-001,0
2026-04-15,TDS-001,0
2026-04-16,TDS-001,0
2026-04-17,TDS-001,0
2026-04-18,TDS-001,0
2026-04-19,TDS-001,0
2026-04-20,TDS-001,0
2026-04-21,TDS-001,0
2026-04-22,TDS-001,0
2026-04-23,TDS-001,0
2026-04-24,TDS-001,0
2026-04-25,TDS-001,0
2026-04-26,TDS-001,0
2026-04-27,TDS-001,0
2026-04-28,TDS-001,0
2026-04-29,TDS-001,0
2026-04-30,TDS-001,0
2026-05-01,TDS-001,0
2026-05-02,TDS-001,0
2026-05-03,TDS-001,0
2026-05-04,TDS-001,0
2026-05-05,TDS-001,0
2026-05-06,TDS-001,0
2026-05-07,TDS-001,0
2026-05-08,TDS-001,0
2026-05-09,TDS-001,0
2026-05-10,TDS-001,0
2026-05-11,TDS-001,0
2026-05-12,TDS-001,0
2026-05-13,TDS-001,0
2026-05-14,TDS-001,0
2026-05-15,TDS-001,0
2026-05-16,TDS-001,0
2026-05-17,TDS-001,0
2026-05-18,TDS-001,0
2026-05-19,TDS-001,0
2026-05-20,TDS-001,0
2026-05-21,TDS-001,0
2026-05-22,TDS-001,0
2026-05-23,TDS-001,0
2026-05-24,TDS-001,0
2026-05-25,TDS-001,0
2026-05-26,TDS-001,0
2026-05-27,TDS-001,0
2026-05-28,TDS-001,0
2026-05-29,TDS-001,0
2026-05-30,TDS-001,0
2026-05-31,TDS-001,0
2026-06-01,TDS-001,0
2026-06-02,TDS-001,0
2026-06-03,TDS-001,0
2026-06-04,TDS-001,0
2026-06-05,TDS-001,0
2026-06-06,TDS-001,0
2026-06-07,TDS-001,0
2026-06-08,TDS-001,0
2026-06-09,TDS-001,0
2026-06-10,TDS-001,0
2026-06-11,TDS-001,0
2026-06-12,TDS-001,0
2026-06-13,TDS-001,0
2026-06-14,TDS-001,0
2026-06-15,TDS-001,0
2026-06-16,TDS-001,0
2026-06-17,TDS-001,0
2026-06-18,TDS-001,0
2026-06-19,TDS-001,0
2026-06-20,TDS-001,0
2026-06-21,TDS-001,0
2026-06-22,TDS-001,0
2026-06-23,TDS-001,0
2026-06-24,TDS-001,0
2026-06-25,TDS-001,0
2026-06-26,TDS-001,0
2026-06-27,TDS-001,0
2026-06-28,TDS-001,0
2026-06-29,TDS-001,0
2026-06-30,TDS-001,0
2026-07-01,TDS-001,0
2026-07-02,TDS-001,0
2026-07-03,TDS-001,0
2026-07-04,TDS-001,0
2026-07-05,TDS-001,0
2026-07-06,TDS-001,0
2026-07-07,TDS-001,0
2026-07-08,TDS-001,0
2026-07-09,TDS-001,0
2026-07-10,TDS-001,0
2026-07-11,TDS-001,0
2026-07-12,TDS-001,0
2026-07-13,TDS-001,0
2026-07-14,TDS-001,0
2026-07-15,TDS-001,0
2026-07-16,TDS-001,0
2026-07-17,TDS-001,0
2026-07-18,TDS-001,0
2026-07-19,TDS-001,0
2026-07-20,TDS-001,0
2026-07-21,TDS-001,0
2026-07-22,TDS-001,0
2026-07-23,TDS-001,0
2026-07-24,TDS-001,0
2026-07-25,TDS-001,0
2026-07-26,TDS-001,0
2026-07-27,TDS-001,0
2026-07-28,TDS-001,0
2026-07-29,TDS-001,0
2026-07-30,TDS-001,0
2026-07-31,TDS-001,0
2026-08-01,TDS-001,0
2026-08-02,TDS-001,0
2026-08-03,TDS-001,0
2026-08-04,TDS-001,0
2026-08-05,TDS-001,0
2026-08-06,TDS-001,0
2026-08-07,TDS-001,0
2026-08-08,TDS-001,0
2026-08-09,TDS-001,0
2026-08-10,TDS-001,0
2026-08-11,TDS-001,0
2026-08-12,TDS-001,0
2026-08-13,TDS-001,0
2026-08-14,TDS-001,0
2026-08-15,TDS-001,0
2026-08-16,TDS-001,0
2026-08-17,TDS-001,0
2026-08-18,TDS-001,0
2026-08-19,TDS-001,0
2026-08-20,TDS-001,0
2026-08-21,TDS-001,0
2026-08-22,TDS-001,0
2026-08-23,TDS-001,0
2026-08-24,TDS-001,0
2026-08-25,TDS-001,0
2026-08-26,TDS-001,0
2026-08-27,TDS-001,0
2026-08-28,TDS-001,0
2026-08-29,TDS-001,0
2026-08-30,TDS-001,0
2026-08-31,TDS-001,0
2026-09-01,TDS-001,0
2026-09-02,TDS-001,0
2026-09-03,TDS-001,0
2026-09-04,TDS-001,0
2026-09-05,TDS-001,0
2026-09-06,TDS-001,0
2026-09-07,TDS-001,0
2026-09-08,TDS-001,0
2026-09-09,TDS-001,0
2026-09-10,TDS-001,0
2026-09-11,TDS-001,0
2026-09-12,TDS-001,0
2026-09-13,TDS-001,0
2026-09-14,TDS-001,0
2026-09-15,TDS-001,0
2026-09-16,TDS-001,0
2026-09-17,TDS-001,0
2026-09-18,TDS-001,0
2026-09-19,TDS-001,0
2026-09-20,TDS-001,0
2026-09-21,TDS-001,0
2026-09-22,TDS-001,0
2026-09-23,TDS-001,0
2026-09-24,TDS-001,0
2026-09-25,TDS-001,0
2026-09-26,TDS-001,0
2026-09-27,TDS-001,0
2026-09-28,TDS-001,0
2026-09-29,TDS-001,0
2026-09-30,TDS-001,0
2026-10-01,TDS-001,0
2026-10-02,TDS-001,0
2026-10-03,TDS-001,0
2026-10-04,TDS-001,0
2026-10-05,TDS-001,0
2026-10-06,TDS-001,0
2026-10-07,TDS-001,0
2026-10-08,TDS-001,0
2026-10-09,TDS-001,0
2026-10-10,TDS-001,0
2026-10-11,TDS-001,0
2026-10-12,TDS-001,0
2026-10-13,TDS-001,0
2026-10-14,TDS-001,1
2026-10-15,TDS-001,1
2026-10-16,TDS-001,1
2026-10-17,TDS-001,1
2026-10-18,TDS-001,1
2026-10-19,TDS-001,1
2026-10-20,TDS-001,1
2026-10-21,TDS-001,1
2026-10-22,TDS-001,1
2026-10-23,TDS-001,1
2026-10-24,TDS-001,1
2026-10-25,TDS-001,1
2026-10-26,TDS-001,1
2026-10-27,TDS-001,1
2026-10-28,TDS-001,1
2026-10-29,TDS-001,1
2026-10-30,TDS-001,1
2026-10-31,TDS-001,1
2025-11-01,TURB-001,0
2025-11-02,TURB-001,0
2025-11-03,TURB-001,0
2025-11-04,TURB-001,0
2025-11-05,TURB-001,0
2025-11-06,TURB-001,0
2025-11-07,TURB-001,0
2025-11-08,TURB-001,0
2025-11-09,TURB-001,0
2025-11-10,TURB-001,0
2025-11-11,TURB-001,0
2025-11-12,TURB-001,0
2025-11-13,TURB-001,0
2025-11-14,TURB-001,0
2025-11-15,TURB-001,0
2025-11-16,TURB-001,0
2025-11-17,TURB-001,0
2025-11-18,TURB-001,0
2025-11-19,TURB-001,0
2025-11-20,TURB-001,0
2025-11-21,TURB-001,0
2025-11-22,TURB-001,0
2025-11-23,TURB-001,0
2025-11-24,TURB-001,0
2025-11-25,TURB-001,0
2025-11-26,TURB-001,0
2025-11-27,TURB-001,0
2025-11-28,TURB-001,0
2025-11-29,TURB-001,0
2025-11-30,TURB-001,0
2025-12-01,TURB-001,0
2025-12-02,TURB-001,0
2025-12-03,TURB-001,0
2025-12-04,TURB-001,0
2025-12-05,TURB-001,0
2025-12-06,TURB-001,0
2025-12-07,TURB-001,0
2025-12-08,TURB-001,0
2025-12-09,TURB-001,0
2025-12-10,TURB-001,0
2025-12-11,TURB-001,0
2025-12-12,TURB-001,0
2025-12-13,TURB-001,0
2025-12-14,TURB-001,0
2025-12-15,TURB-001,0
2025-12-16,TURB-001,0
2025-12-17,TURB-001,0
2025-12-18,TURB-001,0
2025-12-19,TURB-001,0
2025-12-20,TURB-001,0
2025-12-21,TURB-001,0
2025-12-22,TURB-001,0
2025-12-23,TURB-001,0
2025-12-24,TURB-001,0
2025-12-25,TURB-001,0
2025-12-26,TURB-001,0
2025-12-27,TURB-001,0
2025-12-28,TURB-001,0
2025-12-29,TURB-001,0
2025-12-30,TURB-001,0
2025-12-31,TURB-001,0
2026-01-01,TURB-001,0
2026-01-02,TURB-001,0
2026-01-03,TURB-001,0
2026-01-04,TURB-001,0
2026-01-05,TURB-001,0
2026-01-06,TURB-001,0
2026-01-07,TURB-001,0
2026-01-08,TURB-001,0
2026-01-09,TURB-001,0
2026-01-10,TURB-001,0
2026-01-11,TURB-001,0
2026-01-12,TURB-001,0
2026-01-13,TURB-001,0
2026-01-14,TURB-001,0
2026-01-15,TURB-001,0
2026-01-16,TURB-001,0
2026-01-17,TURB-001,0
2026-01-18,TURB-001,0
2026-01-19,TURB-001,0
2026-01-20,TURB-001,0
2026-01-21,TURB-001,0
2026-01-22,TURB-001,0
2026-01-23,TURB-001,0
2026-01-24,TURB-001,0
2026-01-25,TURB-001,0
2026-01-26,TURB-001,0
2026-01-27,TURB-001,0
2026-01-28,TURB-001,0
2026-01-29,TURB-001,0
2026-01-30,TURB-001,0
2026-01-31,TURB-001,0
2026-02-01,TURB-001,0
2026-02-02,TURB-001,0
2026-02-03,TURB-001,0
2026-02-04,TURB-001,0
2026-02-05,TURB-001,0
2026-02-06,TURB-001,0
2026-02-07,TURB-001,0
2026-02-08,TURB-001,0
2026-02-09,TURB-001,0
2026-02-10,TURB-001,0
2026-02-11,TURB-001,0
2026-02-12,TURB-001,0
2026-02-13,TURB-001,0
2026-02-14,TURB-001,0
2026-02-15,TURB-001,0
2026-02-16,TURB-001,0
2026-02-17,TURB-001,0
2026-02-18,TURB-001,0
2026-02-19,TURB-001,0
2026-02-20,TURB-001,0
2026-02-21,TURB-001,0
2026-02-22,TURB-001,0
2026-02-23,TURB-001,0
2026-02-24,TURB-001,0
2026-02-25,TURB-001,0
2026-02-26,TURB-001,0
2026-02-27,TURB-001,0
2026-02-28,TURB-001,0
2026-03-01,TURB-001,0
2026-03-02,TURB-001,0
2026-03-03,TURB-001,0
2026-03-04,TURB-001,0
2026-03-05,TURB-001,0
2026-03-06,TURB-001,0
2026-03-07,TURB-001,0
2026-03-08,TURB-001,0
2026-03-09,TURB-001,0
2026-03-10,TURB-001,0
2026-03-11,TURB-001,0
2026-03-12,TURB-001,0
2026-03-13,TURB-001,0
2026-03-14,TURB-001,0
2026-03-15,TURB-001,0
2026-03-16,TURB-001,0
2026-03-17,TURB-001,0
2026-03-18,TURB-001,0
2026-03-19,TURB-001,0
2026-03-20,TURB-001,0
2026-03-21,TURB-001,0
2026-03-22,TURB-001,0
2026-03-23,TURB-001,0
2026-03-24,TURB-001,0
2026-03-25,TURB-001,0
2026-03-26,TURB-001,0
2026-03-27,TURB-001,0
2026-03-28,TURB-001,0
2026-03-29,TURB-001,0
2026-03-30,TURB-001,0
2026-03-31,TURB-001,0
2026-04-01,TURB-001,0
2026-04-02,TURB-001,0
2026-04-03,TURB-001,0
2026-04-04,TURB-001,0
2026-04-05,TURB-001,0
2026-04-06,TURB-001,0
2026-04-07,TURB-001,0
2026-04-08,TURB-001,0
2026-04-09,TURB-001,0
2026-04-10,TURB-001,0
2026-04-11,TURB-001,0
2026-04-12,TURB-001,0
2026-04-13,TURB-001,0
2026-04-14,TURB-001,0
2026-04-15,TURB-001,0
2026-04-16,TURB-001,0
2026-04-17,TURB-001,0
2026-04-18,TURB-001,0
2026-04-19,TURB-001,0
2026-04-20,TURB-001,0
2026-04-21,TURB-001,0
2026-04-22,TURB-001,0
2026-04-23,TURB-001,0
2026-04-24,TURB-001,0
2026-04-25,TURB-001,0
2026-04-26,TURB-001,0
2026-04-27,TURB-001,0
2026-04-28,TURB-001,0
2026-04-29,TURB-001,0
2026-04-30,TURB-001,0
2026-05-01,TURB-001,0
2026-05-02,TURB-001,0
2026-05-03,TURB-001,0
2026-05-04,TURB-001,0
2026-05-05,TURB-001,0
2026-05-06,TURB-001,0
2026-05-07,TURB-001,0
2026-05-08,TURB-001,0
2026-05-09,TURB-001,0
2026-05-10,TURB-001,0
2026-05-11,TURB-001,0
2026-05-12,TURB-001,0
2026-05-13,TURB-001,0
2026-05-14,TURB-001,0
2026-05-15,TURB-001,0
2026-05-16,TURB-001,0
2026-05-17,TURB-001,0
2026-05-18,TURB-001,0
2026-05-19,TURB-001,0
2026-05-20,TURB-001,0
2026-05-21,TURB-001,0
2026-05-22,TURB-001,0
2026-05-23,TURB-001,0
2026-05-24,TURB-001,0
2026-05-25,TURB-001,0
2026-05-26,TURB-001,0
2026-05-27,TURB-001,0
2026-05-28,TURB-001,0
2026-05-29,TURB-001,0
2026-05-30,TURB-001,0
2026-05-31,TURB-001,0
2026-06-01,TURB-001,0
2026-06-02,TURB-001,0
2026-06-03,TURB-001,0
2026-06-04,TURB-001,0
2026-06-05,TURB-001,0
2026-06-06,TURB-001,0
2026-06-07,TURB-001,0
2026-06-08,TURB-001,0
2026-06-09,TURB-001,0
2026-06-10,TURB-001,0
2026-06-11,TURB-001,0
2026-06-12,TURB-001,0
2026-06-13,TURB-001,0
2026-06-14,TURB-001,0
2026-06-15,TURB-001,0
2026-06-16,TURB-001,0
2026-06-17,TURB-001,0
2026-06-18,TURB-001,0
2026-06-19,TURB-001,0
2026-06-20,TURB-001,0
2026-06-21,TURB-001,0
2026-06-22,TURB-001,0
2026-06-23,TURB-001,0
2026-06-24,TURB-001,0
2026-06-25,TURB-001,0
2026-06-26,TURB-001,0
2026-06-27,TURB-001,0
2026-06-28,TURB-001,0
2026-06-29,TURB-001,0
2026-06-30,TURB-001,0
2026-07-01,TURB-001,0
2026-07-02,TURB-001,0
2026-07-03,TURB-001,0
2026-07-04,TURB-001,0
2026-07-05,TURB-001,0
2026-07-06,TURB-001,0
2026-07-07,TURB-001,0
2026-07-08,TURB-001,0
2026-07-09,TURB-001,0
2026-07-10,TURB-001,0
2026-07-11,TURB-001,0
2026-07-12,TURB-001,0
2026-07-13,TURB-001,0
2026-07-14,TURB-001,0
2026-07-15,TURB-001,0
2026-07-16,TURB-001,0
2026-07-17,TURB-001,0
2026-07-18,TURB-001,0
2026-07-19,TURB-001,0
2026-07-20,TURB-001,0
2026-07-21,TURB-001,0
2026-07-22,TURB-001,0
2026-07-23,TURB-001,0
2026-07-24,TURB-001,0
2026-07-25,TURB-001,0
2026-07-26,TURB-001,0
2026-07-27,TURB-001,0
2026-07-28,TURB-001,0
2026-07-29,TURB-001,0
2026-07-30,TURB-001,0
2026-07-31,TURB-001,0
2026-08-01,TURB-001,0
2026-08-02,TURB-001,0
2026-08-03,TURB-001,0
2026-08-04,TURB-001,0
2026-08-05,TURB-001,0
2026-08-06,TURB-001,0
2026-08-07,TURB-001,0
2026-08-08,TURB-001,0
2026-08-09,TURB-001,0
2026-08-10,TURB-001,0
2026-08-11,TURB-001,0
2026-08-12,TURB-001,0
2026-08-13,TURB-001,0
2026-08-14,TURB-001,0
2026-08-15,TURB-001,0
2026-08-16,TURB-001,0
2026-08-17,TURB-001,0
2026-08-18,TURB-001,0
2026-08-19,TURB-001,0
2026-08-20,TURB-001,0
2026-08-21,TURB-001,0
2026-08-22,TURB-001,0
2026-08-23,TURB-001,0
2026-08-24,TURB-001,0
2026-08-25,TURB-001,0
2026-08-26,TURB-001,0
2026-08-27,TURB-001,0
2026-08-28,TURB-001,0
2026-08-29,TURB-001,0
2026-08-30,TURB-001,0
2026-08-31,TURB-001,0
2026-09-01,TURB-001,0
2026-09-02,TURB-001,0
2026-09-03,TURB-001,0
2026-09-04,TURB-001,0
2026-09-05,TURB-001,0
2026-09-06,TURB-001,0
2026-09-07,TURB-001,0
2026-09-08,TURB-001,0
2026-09-09,TURB-001,0
2026-09-10,TURB-001,0
2026-09-11,TURB-001,0
2026-09-12,TURB-001,1
2026-09-13,TURB-001,0
2026-09-14,TURB-001,0
2026-09-15,TURB-001,0
2026-09-16,TURB-001,1
2026-09-17,TURB-001,1
2026-09-18,TURB-001,1
2026-09-19,TURB-001,1
2026-09-20,TURB-001,1
2026-09-21,TURB-001,1
2026-09-22,TURB-001,1
2026-09-23,TURB-001,1
2026-09-24,TURB-001,1
2026-09-25,TURB-001,1
2026-09-26,TURB-001,1
2026-09-27,TURB-001,1
2026-09-28,TURB-001,1
2026-09-29,TURB-001,1
2026-09-30,TURB-001,1
2026-10-01,TURB-001,1
2026-10-02,TURB-001,1
2026-10-03,TURB-001,1
2026-10-04,TURB-001,1
2026-10-05,TURB-001,1
2026-10-06,TURB-001,1
2026-10-07,TURB-001,1
2026-10-08,TURB-001,1
2026-10-09,TURB-001,1
2026-10-10,TURB-001,1
2026-10-11,TURB-001,1
2026-10-12,TURB-001,1
2026-10-13,TURB-001,1
2026-10-14,TURB-001,1
2026-10-15,TURB-001,1
2026-10-16,TURB-001,1
2026-10-17,TURB-001,1
2026-10-18,TURB-001,1
2026-10-19,TURB-001,1
2026-10-20,TURB-001,1
2026-10-21,TURB-001,1
2026-10-22,TURB-001,1
2026-10-23,TURB-001,1
2026-10-24,TURB-001,1
2026-10-25,TURB-001,1
2026-10-26,TURB-001,1
2026-10-27,TURB-001,1
2026-10-28,TURB-001,1
2026-10-29,TURB-001,1
2026-10-30,TURB-001,1
2026-10-31,TURB-001,1
2025-11-01,TEMP-001,0
2025-11-02,TEMP-001,0
2025-11-03,TEMP-001,0
2025-11-04,TEMP-001,0
2025-11-05,TEMP-001,0
2025-11-06,TEMP-001,0
2025-11-07,TEMP-001,0
2025-11-08,TEMP-001,0
2025-11-09,TEMP-001,0
2025-11-10,TEMP-001,0
2025-11-11,TEMP-001,0
2025-11-12,TEMP-001,0
2025-11-13,TEMP-001,0
2025-11-14,TEMP-001,0
2025-11-15,TEMP-001,0
2025-11-16,TEMP-001,0
2025-11-17,TEMP-001,0
2025-11-18,TEMP-001,0
2025-11-19,TEMP-001,0
2025-11-20,TEMP-001,0
2025-11-21,TEMP-001,0
2025-11-22,TEMP-001,0
2025-11-23,TEMP-001,0
2025-11-24,TEMP-001,0
2025-11-25,TEMP-001,0
2025-11-26,TEMP-001,0
2025-11-27,TEMP-001,0
2025-11-28,TEMP-001,0
2025-11-29,TEMP-001,0
2025-11-30,TEMP-001,0
2025-12-01,TEMP-001,0
2025-12-02,TEMP-001,0
2025-12-03,TEMP-001,0
2025-12-04,TEMP-001,0
2025-12-05,TEMP-001,0
2025-12-06,TEMP-001,0
2025-12-07,TEMP-001,0
2025-12-08,TEMP-001,0
2025-12-09,TEMP-001,0
2025-12-10,TEMP-001,0
2025-12-11,TEMP-001,0
2025-12-12,TEMP-001,0
2025-12-13,TEMP-001,0
2025-12-14,TEMP-001,0
2025-12-15,TEMP-001,0
2025-12-16,TEMP-001,0
2025-12-17,TEMP-001,0
2025-12-18,TEMP-001,0
2025-12-19,TEMP-001,0
2025-12-20,TEMP-001,0
2025-12-21,TEMP-001,0
2025-12-22,TEMP-001,0
2025-12-23,TEMP-001,0
2025-12-24,TEMP-001,0
2025-12-25,TEMP-001,0
2025-12-26,TEMP-001,0
2025-12-27,TEMP-001,0
2025-12-28,TEMP-001,0
2025-12-29,TEMP-001,0
2025-12-30,TEMP-001,0
2025-12-31,TEMP-001,0
2026-01-01,TEMP-001,0
2026-01-02,TEMP-001,0
2026-01-03,TEMP-001,0
2026-01-04,TEMP-001,0
2026-01-05,TEMP-001,0
2026-01-06,TEMP-001,0
2026-01-07,TEMP-001,0
2026-01-08,TEMP-001,0
2026-01-09,TEMP-001,0
2026-01-10,TEMP-001,0
2026-01-11,TEMP-001,0
2026-01-12,TEMP-001,0
2026-01-13,TEMP-001,0
2026-01-14,TEMP-001,0
2026-01-15,TEMP-001,0
2026-01-16,TEMP-001,0
2026-01-17,TEMP-001,0
2026-01-18,TEMP-001,0
2026-01-19,TEMP-001,0
2026-01-20,TEMP-001,0
2026-01-21,TEMP-001,0
2026-01-22,TEMP-001,0
2026-01-23,TEMP-001,0
2026-01-24,TEMP-001,0
2026-01-25,TEMP-001,0
2026-01-26,TEMP-001,0
2026-01-27,TEMP-001,0
2026-01-28,TEMP-001,0
2026-01-29,TEMP-001,0
2026-01-30,TEMP-001,0
2026-01-31,TEMP-001,0
2026-02-01,TEMP-001,0
2026-02-02,TEMP-001,0
2026-02-03,TEMP-001,0
2026-02-04,TEMP-001,0
2026-02-05,TEMP-001,0
2026-02-06,TEMP-001,0
2026-02-07,TEMP-001,0
2026-02-08,TEMP-001,0
2026-02-09,TEMP-001,0
2026-02-10,TEMP-001,0
2026-02-11,TEMP-001,0
2026-02-12,TEMP-001,0
2026-02-13,TEMP-001,0
2026-02-14,TEMP-001,0
2026-02-15,TEMP-001,0
2026-02-16,TEMP-001,0
2026-02-17,TEMP-001,0
2026-02-18,TEMP-001,0
2026-02-19,TEMP-001,0
2026-02-20,TEMP-001,0
2026-02-21,TEMP-001,0
2026-02-22,TEMP-001,0
2026-02-23,TEMP-001,0
2026-02-24,TEMP-001,0
2026-02-25,TEMP-001,0
2026-02-26,TEMP-001,0
2026-02-27,TEMP-001,0
2026-02-28,TEMP-001,0
2026-03-01,TEMP-001,0
2026-03-02,TEMP-001,0
2026-03-03,TEMP-001,0
2026-03-04,TEMP-001,0
2026-03-05,TEMP-001,0
2026-03-06,TEMP-001,0
2026-03-07,TEMP-001,0
2026-03-08,TEMP-001,0
2026-03-09,TEMP-001,0
2026-03-10,TEMP-001,0
2026-03-11,TEMP-001,0
2026-03-12,TEMP-001,0
2026-03-13,TEMP-001,0
2026-03-14,TEMP-001,0
2026-03-15,TEMP-001,0
2026-03-16,TEMP-001,0
2026-03-17,TEMP-001,0
2026-03-18,TEMP-001,0
2026-03-19,TEMP-001,0
2026-03-20,TEMP-001,0
2026-03-21,TEMP-001,0
2026-03-22,TEMP-001,0
2026-03-23,TEMP-001,0
2026-03-24,TEMP-001,0
2026-03-25,TEMP-001,0
2026-03-26,TEMP-001,0
2026-03-27,TEMP-001,0
2026-03-28,TEMP-001,0
2026-03-29,TEMP-001,0
2026-03-30,TEMP-001,0
2026-03-31,TEMP-001,0
2026-04-01,TEMP-001,0
2026-04-02,TEMP-001,0
2026-04-03,TEMP-001,0
2026-04-04,TEMP-001,0
2026-04-05,TEMP-001,0
2026-04-06,TEMP-001,0
2026-04-07,TEMP-001,0
2026-04-08,TEMP-001,0
2026-04-09,TEMP-001,0
2026-04-10,TEMP-001,0
2026-04-11,TEMP-001,0
2026-04-12,TEMP-001,0
2026-04-13,TEMP-001,0
2026-04-14,TEMP-001,0
2026-04-15,TEMP-001,0
2026-04-16,TEMP-001,0
2026-04-17,TEMP-001,0
2026-04-18,TEMP-001,0
2026-04-19,TEMP-001,0
2026-04-20,TEMP-001,0
2026-04-21,TEMP-001,0
2026-04-22,TEMP-001,0
2026-04-23,TEMP-001,0
2026-04-24,TEMP-001,0
2026-04-25,TEMP-001,0
2026-04-26,TEMP-001,0
2026-04-27,TEMP-001,0
2026-04-28,TEMP-001,0
2026-04-29,TEMP-001,0
2026-04-30,TEMP-001,0
2026-05-01,TEMP-001,0
2026-05-02,TEMP-001,0
2026-05-03,TEMP-001,0
2026-05-04,TEMP-001,0
2026-05-05,TEMP-001,0
2026-05-06,TEMP-001,0
2026-05-07,TEMP-001,0
2026-05-08,TEMP-001,0
2026-05-09,TEMP-001,0
2026-05-10,TEMP-001,0
2026-05-11,TEMP-001,0
2026-05-12,TEMP-001,0
2026-05-13,TEMP-001,0
2026-05-14,TEMP-001,0
2026-05-15,TEMP-001,0
2026-05-16,TEMP-001,0
2026-05-17,TEMP-001,0
2026-05-18,TEMP-001,0
2026-05-19,TEMP-001,0
2026-05-20,TEMP-001,0
2026-05-21,TEMP-001,0
2026-05-22,TEMP-001,0
2026-05-23,TEMP-001,0
2026-05-24,TEMP-001,0
2026-05-25,TEMP-001,0
2026-05-26,TEMP-001,0
2026-05-27,TEMP-001,0
2026-05-28,TEMP-001,0
2026-05-29,TEMP-001,0
2026-05-30,TEMP-001,0
2026-05-31,TEMP-001,0
2026-06-01,TEMP-001,0
2026-06-02,TEMP-001,0
2026-06-03,TEMP-001,0
2026-06-04,TEMP-001,0
2026-06-05,TEMP-001,0
2026-06-06,TEMP-001,0
2026-06-07,TEMP-001,0
2026-06-08,TEMP-001,0
2026-06-09,TEMP-001,0
2026-06-10,TEMP-001,0
2026-06-11,TEMP-001,0
2026-06-12,TEMP-001,0
2026-06-13,TEMP-001,0
2026-06-14,TEMP-001,0
2026-06-15,TEMP-001,0
2026-06-16,TEMP-001,0
2026-06-17,TEMP-001,0
2026-06-18,TEMP-001,0
2026-06-19,TEMP-001,0
2026-06-20,TEMP-001,0
2026-06-21,TEMP-001,0
2026-06-22,TEMP-001,0
2026-06-23,TEMP-001,0
2026-06-24,TEMP-001,0
2026-06-25,TEMP-001,0
2026-06-26,TEMP-001,0
2026-06-27,TEMP-001,0
2026-06-28,TEMP-001,0
2026-06-29,TEMP-001,0
2026-06-30,TEMP-001,0
2026-07-01,TEMP-001,0
2026-07-02,TEMP-001,0
2026-07-03,TEMP-001,0
2026-07-04,TEMP-001,0
2026-07-05,TEMP-001,0
2026-07-06,TEMP-001,0
2026-07-07,TEMP-001,0
2026-07-08,TEMP-001,0
2026-07-09,TEMP-001,0
2026-07-10,TEMP-001,0
2026-07-11,TEMP-001,0
2026-07-12,TEMP-001,0
2026-07-13,TEMP-001,0
2026-07-14,TEMP-001,0
2026-07-15,TEMP-001,0
2026-07-16,TEMP-001,0
2026-07-17,TEMP-001,0
2026-07-18,TEMP-001,0
2026-07-19,TEMP-001,0
2026-07-20,TEMP-001,0
2026-07-21,TEMP-001,0
2026-07-22,TEMP-001,0
2026-07-23,TEMP-001,0
2026-07-24,TEMP-001,0
2026-07-25,TEMP-001,0
2026-07-26,TEMP-001,0
2026-07-27,TEMP-001,0
2026-07-28,TEMP-001,0
2026-07-29,TEMP-001,0
2026-07-30,TEMP-001,0
2026-07-31,TEMP-001,0
2026-08-01,TEMP-001,0
2026-08-02,TEMP-001,0
2026-08-03,TEMP-001,0
2026-08-04,TEMP-001,0
2026-08-05,TEMP-001,0
2026-08-06,TEMP-001,0
2026-08-07,TEMP-001,0
2026-08-08,TEMP-001,0
2026-08-09,TEMP-001,0
2026-08-10,TEMP-001,0
2026-08-11,TEMP-001,0
2026-08-12,TEMP-001,0
2026-08-13,TEMP-001,0
2026-08-14,TEMP-001,0
2026-08-15,TEMP-001,0
2026-08-16,TEMP-001,0
2026-08-17,TEMP-001,0
2026-08-18,TEMP-001,0
2026-08-19,TEMP-001,0
2026-08-20,TEMP-001,0
2026-08-21,TEMP-001,0
2026-08-22,TEMP-001,0
2026-08-23,TEMP-001,0
2026-08-24,TEMP-001,0
2026-08-25,TEMP-001,0
2026-08-26,TEMP-001,0
2026-08-27,TEMP-001,0
2026-08-28,TEMP-001,0
2026-08-29,TEMP-001,0
2026-08-30,TEMP-001,0
2026-08-31,TEMP-001,0
2026-09-01,TEMP-001,0
2026-09-02,TEMP-001,0
2026-09-03,TEMP-001,0
2026-09-04,TEMP-001,0
2026-09-05,TEMP-001,0
2026-09-06,TEMP-001,0
2026-09-07,TEMP-001,0
2026-09-08,TEMP-001,0
2026-09-09,TEMP-001,0
2026-09-10,TEMP-001,0
2026-09-11,TEMP-001,0
2026-09-12,TEMP-001,0
2026-09-13,TEMP-001,0
2026-09-14,TEMP-001,0
2026-09-15,TEMP-001,0
2026-09-16,TEMP-001,0
2026-09-17,TEMP-001,0
2026-09-18,TEMP-001,0
2026-09-19,TEMP-001,0
2026-09-20,TEMP-001,0
2026-09-21,TEMP-001,0
2026-09-22,TEMP-001,0
2026-09-23,TEMP-001,0
2026-09-24,TEMP-001,0
2026-09-25,TEMP-001,0
2026-09-26,TEMP-001,0
2026-09-27,TEMP-001,0
2026-09-28,TEMP-001,0
2026-09-29,TEMP-001,0
2026-09-30,TEMP-001,0
2026-10-01,TEMP-001,0
2026-10-02,TEMP-001,0
2026-10-03,TEMP-001,0
2026-10-04,TEMP-001,0
2026-10-05,TEMP-001,0
2026-10-06,TEMP-001,0
2026-10-07,TEMP-001,0
2026-10-08,TEMP-001,0
2026-10-09,TEMP-001,0
2026-10-10,TEMP-001,0
2026-10-11,TEMP-001,0
2026-10-12,TEMP-001,0
2026-10-13,TEMP-001,0
2026-10-14,TEMP-001,0
2026-10-15,TEMP-001,0
2026-10-16,TEMP-001,0
2026-10-17,TEMP-001,0
2026-10-18,TEMP-001,0
2026-10-19,TEMP-001,0
2026-10-20,TEMP-001,0
2026-10-21,TEMP-001,0
2026-10-22,TEMP-001,0
2026-10-23,TEMP-001,0
2026-10-24,TEMP-001,0
2026-10-25,TEMP-001,0
2026-10-26,TEMP-001,0
2026-10-27,TEMP-001,0
2026-10-28,TEMP-001,0
2026-10-29,TEMP-001,0
2026-10-30,TEMP-001,0
2026-10-31,TEMP-001,0
2025-11-01,FLOW-001,0
2025-11-02,FLOW-001,0
2025-11-03,FLOW-001,0
2025-11-04,FLOW-001,0
2025-11-05,FLOW-001,0
2025-11-06,FLOW-001,0
2025-11-07,FLOW-001,0
2025-11-08,FLOW-001,0
2025-11-09,FLOW-001,0
2025-11-10,FLOW-001,0
2025-11-11,FLOW-001,0
2025-11-12,FLOW-001,0
2025-11-13,FLOW-001,0
2025-11-14,FLOW-001,0
2025-11-15,FLOW-001,0
2025-11-16,FLOW-001,0
2025-11-17,FLOW-001,0
2025-11-18,FLOW-001,0
2025-11-19,FLOW-001,0
2025-11-20,FLOW-001,0
2025-11-21,FLOW-001,0
2025-11-22,FLOW-001,0
2025-11-23,FLOW-001,0
2025-11-24,FLOW-001,0
2025-11-25,FLOW-001,0
2025-11-26,FLOW-001,0
2025-11-27,FLOW-001,0
2025-11-28,FLOW-001,0
2025-11-29,FLOW-001,0
2025-11-30,FLOW-001,0
2025-12-01,FLOW-001,0
2025-12-02,FLOW-001,0
2025-12-03,FLOW-001,0
2025-12-04,FLOW-001,0
2025-12-05,FLOW-001,0
2025-12-06,FLOW-001,0
2025-12-07,FLOW-001,0
2025-12-08,FLOW-001,0
2025-12-09,FLOW-001,0
2025-12-10,FLOW-001,0
2025-12-11,FLOW-001,0
2025-12-12,FLOW-001,0
2025-12-13,FLOW-001,0
2025-12-14,FLOW-001,0
2025-12-15,FLOW-001,0
2025-12-16,FLOW-001,0
2025-12-17,FLOW-001,0
2025-12-18,FLOW-001,0
2025-12-19,FLOW-001,0
2025-12-20,FLOW-001,0
2025-12-21,FLOW-001,0
2025-12-22,FLOW-001,0
2025-12-23,FLOW-001,0
2025-12-24,FLOW-001,0
2025-12-25,FLOW-001,0
2025-12-26,FLOW-001,0
2025-12-27,FLOW-001,0
2025-12-28,FLOW-001,0
2025-12-29,FLOW-001,0
2025-12-30,FLOW-001,0
2025-12-31,FLOW-001,0
2026-01-01,FLOW-001,0
2026-01-02,FLOW-001,0
2026-01-03,FLOW-001,0
2026-01-04,FLOW-001,0
2026-01-05,FLOW-001,0
2026-01-06,FLOW-001,0
2026-01-07,FLOW-001,0
2026-01-08,FLOW-001,0
2026-01-09,FLOW-001,0
2026-01-10,FLOW-001,0
2026-01-11,FLOW-001,0
2026-01-12,FLOW-001,0
2026-01-13,FLOW-001,0
2026-01-14,FLOW-001,0
2026-01-15,FLOW-001,0
2026-01-16,FLOW-001,0
2026-01-17,FLOW-001,0
2026-01-18,FLOW-001,0
2026-01-19,FLOW-001,0
2026-01-20,FLOW-001,0
2026-01-21,FLOW-001,0
2026-01-22,FLOW-001,0
2026-01-23,FLOW-001,0
2026-01-24,FLOW-001,0
2026-01-25,FLOW-001,0
2026-01-26,FLOW-001,0
2026-01-27,FLOW-001,0
2026-01-28,FLOW-001,0
2026-01-29,FLOW-001,0
2026-01-30,FLOW-001,0
2026-01-31,FLOW-001,0
2026-02-01,FLOW-001,0
2026-02-02,FLOW-001,0
2026-02-03,FLOW-001,0
2026-02-04,FLOW-001,0
2026-02-05,FLOW-001,0
2026-02-06,FLOW-001,0
2026-02-07,FLOW-001,0
2026-02-08,FLOW-001,0
2026-02-09,FLOW-001,0
2026-02-10,FLOW-001,0
2026-02-11,FLOW-001,0
2026-02-12,FLOW-001,0
2026-02-13,FLOW-001,0
2026-02-14,FLOW-001,0
2026-02-15,FLOW-001,0
2026-02-16,FLOW-001,0
2026-02-17,FLOW-001,0
2026-02-18,FLOW-001,0
2026-02-19,FLOW-001,0
2026-02-20,FLOW-001,0
2026-02-21,FLOW-001,0
2026-02-22,FLOW-001,0
2026-02-23,FLOW-001,0
2026-02-24,FLOW-001,0
2026-02-25,FLOW-001,0
2026-02-26,FLOW-001,0
2026-02-27,FLOW-001,0
2026-02-28,FLOW-001,0
2026-03-01,FLOW-001,0
2026-03-02,FLOW-001,0
2026-03-03,FLOW-001,0
2026-03-04,FLOW-001,0
2026-03-05,FLOW-001,0
2026-03-06,FLOW-001,0
2026-03-07,FLOW-001,0
2026-03-08,FLOW-001,0
2026-03-09,FLOW-001,0
2026-03-10,FLOW-001,0
2026-03-11,FLOW-001,0
2026-03-12,FLOW-001,0
2026-03-13,FLOW-001,0
2026-03-14,FLOW-001,0
2026-03-15,FLOW-001,0
2026-03-16,FLOW-001,0
2026-03-17,FLOW-001,0
2026-03-18,FLOW-001,0
2026-03-19,FLOW-001,0
2026-03-20,FLOW-001,0
2026-03-21,FLOW-001,0
2026-03-22,FLOW-001,0
2026-03-23,FLOW-001,0
2026-03-24,FLOW-001,0
2026-03-25,FLOW-001,0
2026-03-26,FLOW-001,0
2026-03-27,FLOW-001,0
2026-03-28,FLOW-001,0
2026-03-29,FLOW-001,0
2026-03-30,FLOW-001,0
2026-03-31,FLOW-001,0
2026-04-01,FLOW-001,0
2026-04-02,FLOW-001,0
2026-04-03,FLOW-001,0
2026-04-04,FLOW-001,0
2026-04-05,FLOW-001,0
2026-04-06,FLOW-001,0
2026-04-07,FLOW-001,0
2026-04-08,FLOW-001,0
2026-04-09,FLOW-001,0
2026-04-10,FLOW-001,0
2026-04-11,FLOW-001,0
2026-04-12,FLOW-001,0
2026-04-13,FLOW-001,0
2026-04-14,FLOW-001,0
2026-04-15,FLOW-001,0
2026-04-16,FLOW-001,0
2026-04-17,FLOW-001,0
2026-04-18,FLOW-001,0
2026-04-19,FLOW-001,0
2026-04-20,FLOW-001,0
2026-04-21,FLOW-001,0
2026-04-22,FLOW-001,0
2026-04-23,FLOW-001,0
2026-04-24,FLOW-001,0
2026-04-25,FLOW-001,0
2026-04-26,FLOW-001,0
2026-04-27,FLOW-001,0
2026-04-28,FLOW-001,0
2026-04-29,FLOW-001,0
2026-04-30,FLOW-001,0
2026-05-01,FLOW-001,0
2026-05-02,FLOW-001,0
2026-05-03,FLOW-001,0
2026-05-04,FLOW-001,0
2026-05-05,FLOW-001,0
2026-05-06,FLOW-001,0
2026-05-07,FLOW-001,0
2026-05-08,FLOW-001,0
2026-05-09,FLOW-001,0
2026-05-10,FLOW-001,0
2026-05-11,FLOW-001,0
2026-05-12,FLOW-001,0
2026-05-13,FLOW-001,0
2026-05-14,FLOW-001,0
2026-05-15,FLOW-001,0
2026-05-16,FLOW-001,0
2026-05-17,FLOW-001,0
2026-05-18,FLOW-001,0
2026-05-19,FLOW-001,0
2026-05-20,FLOW-001,0
2026-05-21,FLOW-001,0
2026-05-22,FLOW-001,0
2026-05-23,FLOW-001,0
2026-05-24,FLOW-001,0
2026-05-25,FLOW-001,0
2026-05-26,FLOW-001,0
2026-05-27,FLOW-001,0
2026-05-28,FLOW-001,0
2026-05-29,FLOW-001,0
2026-05-30,FLOW-001,0
2026-05-31,FLOW-001,0
2026-06-01,FLOW-001,0
2026-06-02,FLOW-001,0
2026-06-03,FLOW-001,0
2026-06-04,FLOW-001,0
2026-06-05,FLOW-001,0
2026-06-06,FLOW-001,0
2026-06-07,FLOW-001,0
2026-06-08,FLOW-001,0
2026-06-09,FLOW-001,0
2026-06-10,FLOW-001,0
2026-06-11,FLOW-001,0
2026-06-12,FLOW-001,0
2026-06-13,FLOW-001,0
2026-06-14,FLOW-001,0
2026-06-15,FLOW-001,0
2026-06-16,FLOW-001,0
2026-06-17,FLOW-001,0
2026-06-18,FLOW-001,0
2026-06-19,FLOW-001,0
2026-06-20,FLOW-001,0
2026-06-21,FLOW-001,0
2026-06-22,FLOW-001,0
2026-06-23,FLOW-001,0
2026-06-24,FLOW-001,0
2026-06-25,FLOW-001,0
2026-06-26,FLOW-001,0
2026-06-27,FLOW-001,0
2026-06-28,FLOW-001,0
2026-06-29,FLOW-001,0
2026-06-30,FLOW-001,0
2026-07-01,FLOW-001,0
2026-07-02,FLOW-001,0
2026-07-03,FLOW-001,0
2026-07-04,FLOW-001,0
2026-07-05,FLOW-001,0
2026-07-06,FLOW-001,0
2026-07-07,FLOW-001,0
2026-07-08,FLOW-001,0
2026-07-09,FLOW-001,0
2026-07-10,FLOW-001,0
2026-07-11,FLOW-001,0
2026-07-12,FLOW-001,0
2026-07-13,FLOW-001,0
2026-07-14,FLOW-001,0
2026-07-15,FLOW-001,0
2026-07-16,FLOW-001,0
2026-07-17,FLOW-001,0
2026-07-18,FLOW-001,0
2026-07-19,FLOW-001,0
2026-07-20,FLOW-001,0
2026-07-21,FLOW-001,0
2026-07-22,FLOW-001,0
2026-07-23,FLOW-001,0
2026-07-24,FLOW-001,0
2026-07-25,FLOW-001,0
2026-07-26,FLOW-001,0
2026-07-27,FLOW-001,0
2026-07-28,FLOW-001,0
2026-07-29,FLOW-001,0
2026-07-30,FLOW-001,0
2026-07-31,FLOW-001,0
2026-08-01,FLOW-001,0
2026-08-02,FLOW-001,0
2026-08-03,FLOW-001,0
2026-08-04,FLOW-001,0
2026-08-05,FLOW-001,0
2026-08-06,FLOW-001,0
2026-08-07,FLOW-001,0
2026-08-08,FLOW-001,0
2026-08-09,FLOW-001,0
2026-08-10,FLOW-001,0
2026-08-11,FLOW-001,0
2026-08-12,FLOW-001,0
2026-08-13,FLOW-001,0
2026-08-14,FLOW-001,0
2026-08-15,FLOW-001,0
2026-08-16,FLOW-001,0
2026-08-17,FLOW-001,0
2026-08-18,FLOW-001,0
2026-08-19,FLOW-001,0
2026-08-20,FLOW-001,0
2026-08-21,FLOW-001,0
2026-08-22,FLOW-001,0
2026-08-23,FLOW-001,0
2026-08-24,FLOW-001,0
2026-08-25,FLOW-001,0
2026-08-26,FLOW-001,0
2026-08-27,FLOW-001,0
2026-08-28,FLOW-001,0
2026-08-29,FLOW-001,0
2026-08-30,FLOW-001,0
2026-08-31,FLOW-001,0
2026-09-01,FLOW-001,0
2026-09-02,FLOW-001,0
2026-09-03,FLOW-001,0
2026-09-04,FLOW-001,0
2026-09-05,FLOW-001,0
2026-09-06,FLOW-001,0
2026-09-07,FLOW-001,0
2026-09-08,FLOW-001,0
2026-09-09,FLOW-001,0
2026-09-10,FLOW-001,0
2026-09-11,FLOW-001,0
2026-09-12,FLOW-001,0
2026-09-13,FLOW-001,0
2026-09-14,FLOW-001,0
2026-09-15,FLOW-001,0
2026-09-16,FLOW-001,0
2026-09-17,FLOW-001,0
2026-09-18,FLOW-001,0
2026-09-19,FLOW-001,0
2026-09-20,FLOW-001,0
2026-09-21,FLOW-001,0
2026-09-22,FLOW-001,0
2026-09-23,FLOW-001,0
2026-09-24,FLOW-001,0
2026-09-25,FLOW-001,0
2026-09-26,FLOW-001,0
2026-09-27,FLOW-001,0
2026-09-28,FLOW-001,0
2026-09-29,FLOW-001,0
2026-09-30,FLOW-001,0
2026-10-01,FLOW-001,0
2026-10-02,FLOW-001,0
2026-10-03,FLOW-001,0
2026-10-04,FLOW-001,0
2026-10-05,FLOW-001,0
2026-10-06,FLOW-001,0
2026-10-07,FLOW-001,0
2026-10-08,FLOW-001,0
2026-10-09,FLOW-001,0
2026-10-10,FLOW-001,0
2026-10-11,FLOW-001,0
2026-10-12,FLOW-001,0
2026-10-13,FLOW-001,0
2026-10-14,FLOW-001,0
2026-10-15,FLOW-001,0
2026-10-16,FLOW-001,0
2026-10-17,FLOW-001,0
2026-10-18,FLOW-001,0
2026-10-19,FLOW-001,0
2026-10-20,FLOW-001,0
2026-10-21,FLOW-001,0
2026-10-22,FLOW-001,0
2026-10-23,FLOW-001,0
2026-10-24,FLOW-001,0
2026-10-25,FLOW-001,0
2026-10-26,FLOW-001,0
2026-10-27,FLOW-001,0
2026-10-28,FLOW-001,0
2026-10-29,FLOW-001,0
2026-10-30,FLOW-001,0
2026-10-31,FLOW-001,0
2025-11-01,LEVEL-001,0
2025-11-02,LEVEL-001,0
2025-11-03,LEVEL-001,0
2025-11-04,LEVEL-001,0
2025-11-05,LEVEL-001,0
2025-11-06,LEVEL-001,0
2025-11-07,LEVEL-001,0
2025-11-08,LEVEL-001,0
2025-11-09,LEVEL-001,0
2025-11-10,LEVEL-001,0
2025-11-11,LEVEL-001,0
2025-11-12,LEVEL-001,0
2025-11-13,LEVEL-001,0
2025-11-14,LEVEL-001,0
2025-11-15,LEVEL-001,0
2025-11-16,LEVEL-001,0
2025-11-17,LEVEL-001,0
2025-11-18,LEVEL-001,0
2025-11-19,LEVEL-001,0
2025-11-20,LEVEL-001,0
2025-11-21,LEVEL-001,0
2025-11-22,LEVEL-001,0
2025-11-23,LEVEL-001,0
2025-11-24,LEVEL-001,0
2025-11-25,LEVEL-001,0
2025-11-26,LEVEL-001,0
2025-11-27,LEVEL-001,0
2025-11-28,LEVEL-001,0
2025-11-29,LEVEL-001,0
2025-11-30,LEVEL-001,0
2025-12-01,LEVEL-001,0
2025-12-02,LEVEL-001,0
2025-12-03,LEVEL-001,0
2025-12-04,LEVEL-001,0
2025-12-05,LEVEL-001,0
2025-12-06,LEVEL-001,0
2025-12-07,LEVEL-001,0
2025-12-08,LEVEL-001,0
2025-12-09,LEVEL-001,0
2025-12-10,LEVEL-001,0
2025-12-11,LEVEL-001,0
2025-12-12,LEVEL-001,0
2025-12-13,LEVEL-001,0
2025-12-14,LEVEL-001,0
2025-12-15,LEVEL-001,0
2025-12-16,LEVEL-001,0
2025-12-17,LEVEL-001,0
2025-12-18,LEVEL-001,0
2025-12-19,LEVEL-001,0
2025-12-20,LEVEL-001,0
2025-12-21,LEVEL-001,0
2025-12-22,LEVEL-001,0
2025-12-23,LEVEL-001,0
2025-12-24,LEVEL-001,0
2025-12-25,LEVEL-001,0
2025-12-26,LEVEL-001,0
2025-12-27,LEVEL-001,0
2025-12-28,LEVEL-001,0
2025-12-29,LEVEL-001,0
2025-12-30,LEVEL-001,0
2025-12-31,LEVEL-001,0
2026-01-01,LEVEL-001,0
2026-01-02,LEVEL-001,0
2026-01-03,LEVEL-001,0
2026-01-04,LEVEL-001,0
2026-01-05,LEVEL-001,0
2026-01-06,LEVEL-001,0
2026-01-07,LEVEL-001,0
2026-01-08,LEVEL-001,0
2026-01-09,LEVEL-001,0
2026-01-10,LEVEL-001,0
2026-01-11,LEVEL-001,0
2026-01-12,LEVEL-001,0
2026-01-13,LEVEL-001,0
2026-01-14,LEVEL-001,0
2026-01-15,LEVEL-001,0
2026-01-16,LEVEL-001,0
2026-01-17,LEVEL-001,0
2026-01-18,LEVEL-001,0
2026-01-19,LEVEL-001,0
2026-01-20,LEVEL-001,0
2026-01-21,LEVEL-001,0
2026-01-22,LEVEL-001,0
2026-01-23,LEVEL-001,0
2026-01-24,LEVEL-001,0
2026-01-25,LEVEL-001,0
2026-01-26,LEVEL-001,0
2026-01-27,LEVEL-001,0
2026-01-28,LEVEL-001,0
2026-01-29,LEVEL-001,0
2026-01-30,LEVEL-001,0
2026-01-31,LEVEL-001,0
2026-02-01,LEVEL-001,0
2026-02-02,LEVEL-001,0
2026-02-03,LEVEL-001,0
2026-02-04,LEVEL-001,0
2026-02-05,LEVEL-001,0
2026-02-06,LEVEL-001,0
2026-02-07,LEVEL-001,0
2026-02-08,LEVEL-001,0
2026-02-09,LEVEL-001,0
2026-02-10,LEVEL-001,0
2026-02-11,LEVEL-001,0
2026-02-12,LEVEL-001,0
2026-02-13,LEVEL-001,0
2026-02-14,LEVEL-001,0
2026-02-15,LEVEL-001,0
2026-02-16,LEVEL-001,0
2026-02-17,LEVEL-001,0
2026-02-18,LEVEL-001,0
2026-02-19,LEVEL-001,0
2026-02-20,LEVEL-001,0
2026-02-21,LEVEL-001,0
2026-02-22,LEVEL-001,0
2026-02-23,LEVEL-001,0
2026-02-24,LEVEL-001,0
2026-02-25,LEVEL-001,0
2026-02-26,LEVEL-001,0
2026-02-27,LEVEL-001,0
2026-02-28,LEVEL-001,0
2026-03-01,LEVEL-001,0
2026-03-02,LEVEL-001,0
2026-03-03,LEVEL-001,0
2026-03-04,LEVEL-001,0
2026-03-05,LEVEL-001,0
2026-03-06,LEVEL-001,0
2026-03-07,LEVEL-001,0
2026-03-08,LEVEL-001,0
2026-03-09,LEVEL-001,0
2026-03-10,LEVEL-001,0
2026-03-11,LEVEL-001,0
2026-03-12,LEVEL-001,0
2026-03-13,LEVEL-001,0
2026-03-14,LEVEL-001,0
2026-03-15,LEVEL-001,0
2026-03-16,LEVEL-001,0
2026-03-17,LEVEL-001,0
2026-03-18,LEVEL-001,0
2026-03-19,LEVEL-001,0
2026-03-20,LEVEL-001,0
2026-03-21,LEVEL-001,0
2026-03-22,LEVEL-001,0
2026-03-23,LEVEL-001,0
2026-03-24,LEVEL-001,0
2026-03-25,LEVEL-001,0
2026-03-26,LEVEL-001,0
2026-03-27,LEVEL-001,0
2026-03-28,LEVEL-001,0
2026-03-29,LEVEL-001,0
2026-03-30,LEVEL-001,0
2026-03-31,LEVEL-001,0
2026-04-01,LEVEL-001,0
2026-04-02,LEVEL-001,0
2026-04-03,LEVEL-001,0
2026-04-04,LEVEL-001,0
2026-04-05,LEVEL-001,0
2026-04-06,LEVEL-001,0
2026-04-07,LEVEL-001,0
2026-04-08,LEVEL-001,0
2026-04-09,LEVEL-001,0
2026-04-10,LEVEL-001,0
2026-04-11,LEVEL-001,0
2026-04-12,LEVEL-001,0
2026-04-13,LEVEL-001,0
2026-04-14,LEVEL-001,0
2026-04-15,LEVEL-001,0
2026-04-16,LEVEL-001,0
2026-04-17,LEVEL-001,0
2026-04-18,LEVEL-001,0
2026-04-19,LEVEL-001,0
2026-04-20,LEVEL-001,0
2026-04-21,LEVEL-001,0
2026-04-22,LEVEL-001,0
2026-04-23,LEVEL-001,0
2026-04-24,LEVEL-001,0
2026-04-25,LEVEL-001,0
2026-04-26,LEVEL-001,0
2026-04-27,LEVEL-001,0
2026-04-28,LEVEL-001,0
2026-04-29,LEVEL-001,0
2026-04-30,LEVEL-001,0
2026-05-01,LEVEL-001,0
2026-05-02,LEVEL-001,0
2026-05-03,LEVEL-001,0
2026-05-04,LEVEL-001,0
2026-05-05,LEVEL-001,0
2026-05-06,LEVEL-001,0
2026-05-07,LEVEL-001,0
2026-05-08,LEVEL-001,0
2026-05-09,LEVEL-001,0
2026-05-10,LEVEL-001,0
2026-05-11,LEVEL-001,0
2026-05-12,LEVEL-001,0
2026-05-13,LEVEL-001,0
2026-05-14,LEVEL-001,0
2026-05-15,LEVEL-001,0
2026-05-16,LEVEL-001,0
2026-05-17,LEVEL-001,0
2026-05-18,LEVEL-001,0
2026-05-19,LEVEL-001,0
2026-05-20,LEVEL-001,0
2026-05-21,LEVEL-001,0
2026-05-22,LEVEL-001,0
2026-05-23,LEVEL-001,0
2026-05-24,LEVEL-001,0
2026-05-25,LEVEL-001,0
2026-05-26,LEVEL-001,0
2026-05-27,LEVEL-001,0
2026-05-28,LEVEL-001,0
2026-05-29,LEVEL-001,0
2026-05-30,LEVEL-001,0
2026-05-31,LEVEL-001,0
2026-06-01,LEVEL-001,0
2026-06-02,LEVEL-001,0
2026-06-03,LEVEL-001,0
2026-06-04,LEVEL-001,0
2026-06-05,LEVEL-001,0
2026-06-06,LEVEL-001,0
2026-06-07,LEVEL-001,0
2026-06-08,LEVEL-001,0
2026-06-09,LEVEL-001,0
2026-06-10,LEVEL-001,0
2026-06-11,LEVEL-001,0
2026-06-12,LEVEL-001,0
2026-06-13,LEVEL-001,0
2026-06-14,LEVEL-001,0
2026-06-15,LEVEL-001,0
2026-06-16,LEVEL-001,0
2026-06-17,LEVEL-001,0
2026-06-18,LEVEL-001,0
2026-06-19,LEVEL-001,0
2026-06-20,LEVEL-001,0
2026-06-21,LEVEL-001,0
2026-06-22,LEVEL-001,0
2026-06-23,LEVEL-001,0
2026-06-24,LEVEL-001,0
2026-06-25,LEVEL-001,0
2026-06-26,LEVEL-001,0
2026-06-27,LEVEL-001,0
2026-06-28,LEVEL-001,0
2026-06-29,LEVEL-001,0
2026-06-30,LEVEL-001,0
2026-07-01,LEVEL-001,0
2026-07-02,LEVEL-001,0
2026-07-03,LEVEL-001,0
2026-07-04,LEVEL-001,0
2026-07-05,LEVEL-001,0
2026-07-06,LEVEL-001,0
2026-07-07,LEVEL-001,0
2026-07-08,LEVEL-001,0
2026-07-09,LEVEL-001,0
2026-07-10,LEVEL-001,0
2026-07-11,LEVEL-001,0
2026-07-12,LEVEL-001,0
2026-07-13,LEVEL-001,0
2026-07-14,LEVEL-001,0
2026-07-15,LEVEL-001,0
2026-07-16,LEVEL-001,0
2026-07-17,LEVEL-001,0
2026-07-18,LEVEL-001,0
2026-07-19,LEVEL-001,0
2026-07-20,LEVEL-001,0
2026-07-21,LEVEL-001,0
2026-07-22,LEVEL-001,0
2026-07-23,LEVEL-001,0
2026-07-24,LEVEL-001,0
2026-07-25,LEVEL-001,0
2026-07-26,LEVEL-001,0
2026-07-27,LEVEL-001,0
2026-07-28,LEVEL-001,0
2026-07-29,LEVEL-001,0
2026-07-30,LEVEL-001,0
2026-07-31,LEVEL-001,0
2026-08-01,LEVEL-001,0
2026-08-02,LEVEL-001,0
2026-08-03,LEVEL-001,0
2026-08-04,LEVEL-001,0
2026-08-05,LEVEL-001,0
2026-08-06,LEVEL-001,0
2026-08-07,LEVEL-001,0
2026-08-08,LEVEL-001,0
2026-08-09,LEVEL-001,0
2026-08-10,LEVEL-001,0
2026-08-11,LEVEL-001,0
2026-08-12,LEVEL-001,0
2026-08-13,LEVEL-001,0
2026-08-14,LEVEL-001,0
2026-08-15,LEVEL-001,0
2026-08-16,LEVEL-001,0
2026-08-17,LEVEL-001,0
2026-08-18,LEVEL-001,0
2026-08-19,LEVEL-001,0
2026-08-20,LEVEL-001,0
2026-08-21,LEVEL-001,0
2026-08-22,LEVEL-001,0
2026-08-23,LEVEL-001,0
2026-08-24,LEVEL-001,0
2026-08-25,LEVEL-001,0
2026-08-26,LEVEL-001,0
2026-08-27,LEVEL-001,0
2026-08-28,LEVEL-001,0
2026-08-29,LEVEL-001,0
2026-08-30,LEVEL-001,0
2026-08-31,LEVEL-001,0
2026-09-01,LEVEL-001,0
2026-09-02,LEVEL-001,0
2026-09-03,LEVEL-001,0
2026-09-04,LEVEL-001,0
2026-09-05,LEVEL-001,0
2026-09-06,LEVEL-001,0
2026-09-07,LEVEL-001,0
2026-09-08,LEVEL-001,0
2026-09-09,LEVEL-001,0
2026-09-10,LEVEL-001,0
2026-09-11,LEVEL-001,0
2026-09-12,LEVEL-001,0
2026-09-13,LEVEL-001,0
2026-09-14,LEVEL-001,0
2026-09-15,LEVEL-001,0
2026-09-16,LEVEL-001,0
2026-09-17,LEVEL-001,0
2026-09-18,LEVEL-001,0
2026-09-19,LEVEL-001,0
2026-09-20,LEVEL-001,0
2026-09-21,LEVEL-001,0
2026-09-22,LEVEL-001,0
2026-09-23,LEVEL-001,0
2026-09-24,LEVEL-001,0
2026-09-25,LEVEL-001,0
2026-09-26,LEVEL-001,0
2026-09-27,LEVEL-001,0
2026-09-28,LEVEL-001,0
2026-09-29,LEVEL-001,0
2026-09-30,LEVEL-001,0
2026-10-01,LEVEL-001,0
2026-10-02,LEVEL-001,0
2026-10-03,LEVEL-001,0
2026-10-04,LEVEL-001,0
2026-10-05,LEVEL-001,0
2026-10-06,LEVEL-001,0
2026-10-07,LEVEL-001,0
2026-10-08,LEVEL-001,0
2026-10-09,LEVEL-001,0
2026-10-10,LEVEL-001,0
2026-10-11,LEVEL-001,0
2026-10-12,LEVEL-001,0
2026-10-13,LEVEL-001,0
2026-10-14,LEVEL-001,0
2026-10-15,LEVEL-001,0
2026-10-16,LEVEL-001,0
2026-10-17,LEVEL-001,0
2026-10-18,LEVEL-001,0
2026-10-19,LEVEL-001,0
2026-10-20,LEVEL-001,0
2026-10-21,LEVEL-001,0
2026-10-22,LEVEL-001,0
2026-10-23,LEVEL-001,0
2026-10-24,LEVEL-001,0
2026-10-25,LEVEL-001,0
2026-10-26,LEVEL-001,0
2026-10-27,LEVEL-001,0
2026-10-28,LEVEL-001,0
2026-10-29,LEVEL-001,0
2026-10-30,LEVEL-001,0
2026-10-31,LEVEL-001,0
