date,sensor_id,remaining_useful_life_days
2025-11-01,PH-001,357
2025-11-02,PH-001,365
2025-11-03,PH-001,368
2025-11-04,PH-001,360
2025-11-05,PH-001,384
2025-11-06,PH-001,368
2025-11-07,PH-001,369
2025-11-08,PH-001,347
2025-11-09,PH-001,343
2025-11-10,PH-001,345
2025-11-11,PH-001,344
2025-11-12,PH-001,353
2025-11-13,PH-001,366
2025-11-14,PH-001,358
2025-11-15,PH-001,349
2025-11-16,PH-001,358
2025-11-17,PH-001,349
2025-11-18,PH-001,341
2025-11-19,PH-001,343
2025-11-20,PH-001,336
2025-11-21,PH-001,340
2025-11-22,PH-001,338
2025-11-23,PH-001,343
2025-11-24,PH-001,338
2025-11-25,PH-001,365
2025-11-26,PH-001,347
2025-11-27,PH-001,327
2025-11-28,PH-001,356
2025-11-29,PH-001,337
2025-11-30,PH-001,354
2025-12-01,PH-001,326
2025-12-02,PH-001,337
2025-12-03,PH-001,310
2025-12-04,PH-001,324
2025-12-05,PH-001,317
2025-12-06,PH-001,347
2025-12-07,PH-001,337
2025-12-08,PH-001,340
2025-12-09,PH-001,335
2025-12-10,PH-001,320
2025-12-11,PH-001,325
2025-12-12,PH-001,317
2025-12-13,PH-001,316
2025-12-14,PH-001,316
2025-12-15,PH-001,296
2025-12-16,PH-001,306
2025-12-17,PH-001,315
2025-12-18,PH-001,321
2025-12-19,PH-001,329
2025-12-20,PH-001,308
2025-12-21,PH-001,323
2025-12-22,PH-001,306
2025-12-23,PH-001,323
2025-12-24,PH-001,328
2025-12-25,PH-001,299
2025-12-26,PH-001,304
2025-12-27,PH-001,319
2025-12-28,PH-001,300
2025-12-29,PH-001,299
2025-12-30,PH-001,316
2025-12-31,PH-001,305
2026-01-01,PH-001,306
2026-01-02,PH-001,325
2026-01-03,PH-001,307
2026-01-04,PH-001,316
2026-01-05,PH-001,324
2026-01-06,PH-001,283
2026-01-07,PH-001,291
2026-01-08,PH-001,305
2026-01-09,PH-001,310
2026-01-10,PH-001,293
2026-01-11,PH-001,305
2026-01-12,PH-001,286
2026-01-13,PH-001,301
2026-01-14,PH-001,281
2026-01-15,PH-001,289
2026-01-16,PH-001,314
2026-01-17,PH-001,292
2026-01-18,PH-001,274
2026-01-19,PH-001,290
2026-01-20,PH-001,289
2026-01-21,PH-001,318
2026-01-22,PH-001,288
2026-01-23,PH-001,252
2026-01-24,PH-001,273
2026-01-25,PH-001,287
2026-01-26,PH-001,277
2026-01-27,PH-001,274
2026-01-28,PH-001,288
2026-01-29,PH-001,306
2026-01-30,PH-001,249
2026-01-31,PH-001,294
2026-02-01,PH-001,261
2026-02-02,PH-001,282
2026-02-03,PH-001,259
2026-02-04,PH-001,259
2026-02-05,PH-001,265
2026-02-06,PH-001,276
2026-02-07,PH-001,268
2026-02-08,PH-001,259
2026-02-09,PH-001,276
2026-02-10,PH-001,242
2026-02-11,PH-001,252
2026-02-12,PH-001,268
2026-02-13,PH-001,268
2026-02-14,PH-001,260
2026-02-15,PH-001,246
2026-02-16,PH-001,260
2026-02-17,PH-001,255
2026-02-18,PH-001,273
2026-02-19,PH-001,254
2026-02-20,PH-001,227
2026-02-21,PH-001,244
2026-02-22,PH-001,253
2026-02-23,PH-001,231
2026-02-24,PH-001,248
2026-02-25,PH-001,238
2026-02-26,PH-001,246
2026-02-27,PH-001,246
2026-02-28,PH-001,239
2026-03-01,PH-001,249
2026-03-02,PH-001,239
2026-03-03,PH-001,260
2026-03-04,PH-001,251
2026-03-05,PH-001,243
2026-03-06,PH-001,259
2026-03-07,PH-001,257
2026-03-08,PH-001,239
2026-03-09,PH-001,222
2026-03-10,PH-001,236
2026-03-11,PH-001,218
2026-03-12,PH-001,218
2026-03-13,PH-001,232
2026-03-14,PH-001,231
2026-03-15,PH-001,228
2026-03-16,PH-001,241
2026-03-17,PH-001,218
2026-03-18,PH-001,243
2026-03-19,PH-001,234
2026-03-20,PH-001,219
2026-03-21,PH-001,220
2026-03-22,PH-001,220
2026-03-23,PH-001,211
2026-03-24,PH-001,228
2026-03-25,PH-001,219
2026-03-26,PH-001,230
2026-03-27,PH-001,233
2026-03-28,PH-001,234
2026-03-29,PH-001,204
2026-03-30,PH-001,218
2026-03-31,PH-001,234
2026-04-01,PH-001,216
2026-04-02,PH-001,223
2026-04-03,PH-001,211
2026-04-04,PH-001,212
2026-04-05,PH-001,196
2026-04-06,PH-001,208
2026-04-07,PH-001,226
2026-04-08,PH-001,216
2026-04-09,PH-001,208
2026-04-10,PH-001,205
2026-04-11,PH-001,209
2026-04-12,PH-001,213
2026-04-13,PH-001,209
2026-04-14,PH-001,197
2026-04-15,PH-001,199
2026-04-16,PH-001,213
2026-04-17,PH-001,213
2026-04-18,PH-001,188
2026-04-19,PH-001,200
2026-04-20,PH-001,206
2026-04-21,PH-001,199
2026-04-22,PH-001,184
2026-04-23,PH-001,206
2026-04-24,PH-001,175
2026-04-25,PH-001,180
2026-04-26,PH-001,195
2026-04-27,PH-001,162
2026-04-28,PH-001,195
2026-04-29,PH-001,191
2026-04-30,PH-001,167
2026-05-01,PH-001,167
2026-05-02,PH-001,167
2026-05-03,PH-001,189
2026-05-04,PH-001,186
2026-05-05,PH-001,153
2026-05-06,PH-001,160
2026-05-07,PH-001,203
2026-05-08,PH-001,174
2026-05-09,PH-001,173
2026-05-10,PH-001,180
2026-05-11,PH-001,143
2026-05-12,PH-001,163
2026-05-13,PH-001,168
2026-05-14,PH-001,184
2026-05-15,PH-001,146
2026-05-16,PH-001,166
2026-05-17,PH-001,178
2026-05-18,PH-001,152
2026-05-19,PH-001,156
2026-05-20,PH-001,163
2026-05-21,PH-001,168
2026-05-22,PH-001,164
2026-05-23,PH-001,159
2026-05-24,PH-001,187
2026-05-25,PH-001,160
2026-05-26,PH-001,147
2026-05-27,PH-001,133
2026-05-28,PH-001,167
2026-05-29,PH-001,176
2026-05-30,PH-001,156
2026-05-31,PH-001,145
2026-06-01,PH-001,153
2026-06-02,PH-001,144
2026-06-03,PH-001,148
2026-06-04,PH-001,143
2026-06-05,PH-001,144
2026-06-06,PH-001,150
2026-06-07,PH-001,137
2026-06-08,PH-001,141
2026-06-09,PH-001,146
2026-06-10,PH-001,152
2026-06-11,PH-001,143
2026-06-12,PH-001,137
2026-06-13,PH-001,146
2026-06-14,PH-001,132
2026-06-15,PH-001,148
2026-06-16,PH-001,138
2026-06-17,PH-001,145
2026-06-18,PH-001,131
2026-06-19,PH-001,128
2026-06-20,PH-001,134
2026-06-21,PH-001,136
2026-06-22,PH-001,130
2026-06-23,PH-001,144
2026-06-24,PH-001,126
2026-06-25,PH-001,128
2026-06-26,PH-001,132
2026-06-27,PH-001,144
2026-06-28,PH-001,139
2026-06-29,PH-001,124
2026-06-30,PH-001,120
2026-07-01,PH-001,113
2026-07-02,PH-001,108
2026-07-03,PH-001,97
2026-07-04,PH-001,138
2026-07-05,PH-001,109
2026-07-06,PH-001,104
2026-07-07,PH-001,118
2026-07-08,PH-001,129
2026-07-09,PH-001,110
2026-07-10,PH-001,99
2026-07-11,PH-001,121
2026-07-12,PH-001,107
2026-07-13,PH-001,101
2026-07-14,PH-001,106
2026-07-15,PH-001,126
2026-07-16,PH-001,119
2026-07-17,PH-001,107
2026-07-18,PH-001,120
2026-07-19,PH-001,100
2026-07-20,PH-001,114
2026-07-21,PH-001,79
2026-07-22,PH-001,86
2026-07-23,PH-001,71
2026-07-24,PH-001,70
2026-07-25,PH-001,79
2026-07-26,PH-001,86
2026-07-27,PH-001,87
2026-07-28,PH-001,69
2026-07-29,PH-001,107
2026-07-30,PH-001,94
2026-07-31,PH-001,103
2026-08-01,PH-001,94
2026-08-02,PH-001,80
2026-08-03,PH-001,77
2026-08-04,PH-001,74
2026-08-05,PH-001,85
2026-08-06,PH-001,97
2026-08-07,PH-001,75
2026-08-08,PH-001,66
2026-08-09,PH-001,101
2026-08-10,PH-001,78
2026-08-11,PH-001,90
2026-08-12,PH-001,78
2026-08-13,PH-001,88
2026-08-14,PH-001,74
2026-08-15,PH-001,74
2026-08-16,PH-001,101
2026-08-17,PH-001,61
2026-08-18,PH-001,76
2026-08-19,PH-001,93
2025-11-01,TDS-001,375
2025-11-02,TDS-001,377
2025-11-03,TDS-001,367
2025-11-04,TDS-001,385
2025-11-05,TDS-001,401
2025-11-06,TDS-001,394
2025-11-07,TDS-001,385
2025-11-08,TDS-001,397
2025-11-09,TDS-001,391
2025-11-10,TDS-001,391
2025-11-11,TDS-001,369
2025-11-12,TDS-001,380
2025-11-13,TDS-001,393
2025-11-14,TDS-001,377
2025-11-15,TDS-001,374
2025-11-16,TDS-001,386
2025-11-17,TDS-001,368
2025-11-18,TDS-001,373
2025-11-19,TDS-001,384
2025-11-20,TDS-001,374
2025-11-21,TDS-001,356
2025-11-22,TDS-001,370
2025-11-23,TDS-001,353
2025-11-24,TDS-001,372
2025-11-25,TDS-001,361
2025-11-26,TDS-001,345
2025-11-27,TDS-001,376
2025-11-28,TDS-001,344
2025-11-29,TDS-001,383
2025-11-30,TDS-001,354
2025-12-01,TDS-001,344
2025-12-02,TDS-001,349
2025-12-03,TDS-001,336
2025-12-04,TDS-001,364
2025-12-05,TDS-001,370
2025-12-06,TDS-001,357
2025-12-07,TDS-001,359
2025-12-08,TDS-001,358
2025-12-09,TDS-001,358
2025-12-10,TDS-001,350
2025-12-11,TDS-001,341
2025-12-12,TDS-001,341
2025-12-13,TDS-001,329
2025-12-14,TDS-001,330
2025-12-15,TDS-001,341
2025-12-16,TDS-001,355
2025-12-17,TDS-001,336
2025-12-18,TDS-001,355
2025-12-19,TDS-001,347
2025-12-20,TDS-001,335
2025-12-21,TDS-001,351
2025-12-22,TDS-001,325
2025-12-23,TDS-001,342
2025-12-24,TDS-001,326
2025-12-25,TDS-001,346
2025-12-26,TDS-001,337
2025-12-27,TDS-001,328
2025-12-28,TDS-001,344
2025-12-29,TDS-001,315
2025-12-30,TDS-001,344
2025-12-31,TDS-001,330
2026-01-01,TDS-001,348
2026-01-02,TDS-001,338
2026-01-03,TDS-001,327
2026-01-04,TDS-001,319
2026-01-05,TDS-001,320
2026-01-06,TDS-001,328
2026-01-07,TDS-001,324
2026-01-08,TDS-001,322
2026-01-09,TDS-001,329
2026-01-10,TDS-001,341
2026-01-11,TDS-001,307
2026-01-12,TDS-001,309
2026-01-13,TDS-001,324
2026-01-14,TDS-001,295
2026-01-15,TDS-001,313
2026-01-16,TDS-001,308
2026-01-17,TDS-001,347
2026-01-18,TDS-001,303
2026-01-19,TDS-001,309
2026-01-20,TDS-001,277
2026-01-21,TDS-001,308
2026-01-22,TDS-001,292
2026-01-23,TDS-001,304
2026-01-24,TDS-001,310
2026-01-25,TDS-001,322
2026-01-26,TDS-001,308
2026-01-27,TDS-001,315
2026-01-28,TDS-001,286
2026-01-29,TDS-001,306
2026-01-30,TDS-001,279
2026-01-31,TDS-001,302
2026-02-01,TDS-001,303
2026-02-02,TDS-001,278
2026-02-03,TDS-001,296
2026-02-04,TDS-001,294
2026-02-05,TDS-001,301
2026-02-06,TDS-001,293
2026-02-07,TDS-001,297
2026-02-08,TDS-001,292
2026-02-09,TDS-001,302
2026-02-10,TDS-001,280
2026-02-11,TDS-001,282
2026-02-12,TDS-001,296
2026-02-13,TDS-001,287
2026-02-14,TDS-001,290
2026-02-15,TDS-001,282
2026-02-16,TDS-001,262
2026-02-17,TDS-001,276
2026-02-18,TDS-001,288
2026-02-19,TDS-001,266
2026-02-20,TDS-001,270
2026-02-21,TDS-001,282
2026-02-22,TDS-001,278
2026-02-23,TDS-001,275
2026-02-24,TDS-001,296
2026-02-25,TDS-001,249
2026-02-26,TDS-001,275
2026-02-27,TDS-001,253
2026-02-28,TDS-001,289
2026-03-01,TDS-001,270
2026-03-02,TDS-001,260
2026-03-03,TDS-001,271
2026-03-04,TDS-001,273
2026-03-05,TDS-001,258
2026-03-06,TDS-001,254
2026-03-07,TDS-001,266
2026-03-08,TDS-001,264
2026-03-09,TDS-001,246
2026-03-10,TDS-001,249
2026-03-11,TDS-001,263
2026-03-12,TDS-001,240
2026-03-13,TDS-001,273
2026-03-14,TDS-001,263
2026-03-15,TDS-001,253
2026-03-16,TDS-001,250
2026-03-17,TDS-001,245
2026-03-18,TDS-001,254
2026-03-19,TDS-001,270
2026-03-20,TDS-001,252
2026-03-21,TDS-001,243
2026-03-22,TDS-001,254
2026-03-23,TDS-001,255
2026-03-24,TDS-001,257
2026-03-25,TDS-001,262
2026-03-26,TDS-001,246
2026-03-27,TDS-001,241
2026-03-28,TDS-001,241
2026-03-29,TDS-001,222
2026-03-30,TDS-001,225
2026-03-31,TDS-001,281
2026-04-01,TDS-001,234
2026-04-02,TDS-001,233
2026-04-03,TDS-001,268
2026-04-04,TDS-001,239
2026-04-05,TDS-001,254
2026-04-06,TDS-001,222
2026-04-07,TDS-001,223
2026-04-08,TDS-001,250
2026-04-09,TDS-001,241
2026-04-10,TDS-001,243
2026-04-11,TDS-001,228
2026-04-12,TDS-001,216
2026-04-13,TDS-001,232
2026-04-14,TDS-001,240
2026-04-15,TDS-001,232
2026-04-16,TDS-001,234
2026-04-17,TDS-001,226
2026-04-18,TDS-001,235
2026-04-19,TDS-001,218
2026-04-20,TDS-001,239
2026-04-21,TDS-001,216
2026-04-22,TDS-001,216
2026-04-23,TDS-001,217
2026-04-24,TDS-001,213
2026-04-25,TDS-001,212
2026-04-26,TDS-001,218
2026-04-27,TDS-001,225
2026-04-28,TDS-001,227
2026-04-29,TDS-001,228
2026-04-30,TDS-001,182
2026-05-01,TDS-001,225
2026-05-02,TDS-001,195
2026-05-03,TDS-001,198
2026-05-04,TDS-001,191
2026-05-05,TDS-001,178
2026-05-06,TDS-001,175
2026-05-07,TDS-001,194
2026-05-08,TDS-001,183
2026-05-09,TDS-001,212
2026-05-10,TDS-001,193
2026-05-11,TDS-001,189
2026-05-12,TDS-001,196
2026-05-13,TDS-001,191
2026-05-14,TDS-001,189
2026-05-15,TDS-001,223
2026-05-16,TDS-001,175
2026-05-17,TDS-001,183
2026-05-18,TDS-001,183
2026-05-19,TDS-001,189
2026-05-20,TDS-001,196
2026-05-21,TDS-001,194
2026-05-22,TDS-001,184
2026-05-23,TDS-001,194
2026-05-24,TDS-001,190
2026-05-25,TDS-001,178
2026-05-26,TDS-001,191
2026-05-27,TDS-001,182
2026-05-28,TDS-001,186
2026-05-29,TDS-001,184
2026-05-30,TDS-001,175
2026-05-31,TDS-001,176
2026-06-01,TDS-001,170
2026-06-02,TDS-001,182
2026-06-03,TDS-001,167
2026-06-04,TDS-001,185
2026-06-05,TDS-001,176
2026-06-06,TDS-001,171
2026-06-07,TDS-001,198
2026-06-08,TDS-001,199
2026-06-09,TDS-001,174
2026-06-10,TDS-001,174
2026-06-11,TDS-001,160
2026-06-12,TDS-001,186
2026-06-13,TDS-001,161
2026-06-14,TDS-001,153
2026-06-15,TDS-001,166
2026-06-16,TDS-001,154
2026-06-17,TDS-001,164
2026-06-18,TDS-001,138
2026-06-19,TDS-001,145
2026-06-20,TDS-001,166
2026-06-21,TDS-001,168
2026-06-22,TDS-001,178
2026-06-23,TDS-001,175
2026-06-24,TDS-001,171
2026-06-25,TDS-001,137
2026-06-26,TDS-001,147
2026-06-27,TDS-001,182
2026-06-28,TDS-001,148
2026-06-29,TDS-001,137
2026-06-30,TDS-001,149
2026-07-01,TDS-001,132
2026-07-02,TDS-001,138
2026-07-03,TDS-001,143
2026-07-04,TDS-001,122
2026-07-05,TDS-001,149
2026-07-06,TDS-001,142
2026-07-07,TDS-001,144
2026-07-08,TDS-001,149
2026-07-09,TDS-001,149
2026-07-10,TDS-001,144
2026-07-11,TDS-001,136
2026-07-12,TDS-001,132
2026-07-13,TDS-001,134
2026-07-14,TDS-001,122
2026-07-15,TDS-001,133
2026-07-16,TDS-001,118
2026-07-17,TDS-001,141
2026-07-18,TDS-001,117
2026-07-19,TDS-001,120
2026-07-20,TDS-001,90
2026-07-21,TDS-001,142
2026-07-22,TDS-001,120
2026-07-23,TDS-001,127
2026-07-24,TDS-001,120
2026-07-25,TDS-001,140
2026-07-26,TDS-001,130
2026-07-27,TDS-001,110
2026-07-28,TDS-001,111
2026-07-29,TDS-001,139
2026-07-30,TDS-001,112
2026-07-31,TDS-001,115
2026-08-01,TDS-001,113
2026-08-02,TDS-001,120
2026-08-03,TDS-001,123
2026-08-04,TDS-001,129
2026-08-05,TDS-001,110
2026-08-06,TDS-001,97
2026-08-07,TDS-001,93
2026-08-08,TDS-001,119
2026-08-09,TDS-001,105
2026-08-10,TDS-001,116
2026-08-11,TDS-001,99
2026-08-12,TDS-001,114
2026-08-13,TDS-001,100
2026-08-14,TDS-001,90
2026-08-15,TDS-001,100
2026-08-16,TDS-001,111
2026-08-17,TDS-001,101
2026-08-18,TDS-001,107
2026-08-19,TDS-001,104
2025-11-01,TURB-001,345
2025-11-02,TURB-001,365
2025-11-03,TURB-001,334
2025-11-04,TURB-001,365
2025-11-05,TURB-001,370
2025-11-06,TURB-001,359
2025-11-07,TURB-001,358
2025-11-08,TURB-001,373
2025-11-09,TURB-001,335
2025-11-10,TURB-001,348
2025-11-11,TURB-001,335
2025-11-12,TURB-001,347
2025-11-13,TURB-001,352
2025-11-14,TURB-001,340
2025-11-15,TURB-001,350
2025-11-16,TURB-001,315
2025-11-17,TURB-001,319
2025-11-18,TURB-001,328
2025-11-19,TURB-001,335
2025-11-20,TURB-001,333
2025-11-21,TURB-001,346
2025-11-22,TURB-001,353
2025-11-23,TURB-001,337
2025-11-24,TURB-001,336
2025-11-25,TURB-001,331
2025-11-26,TURB-001,352
2025-11-27,TURB-001,324
2025-11-28,TURB-001,308
2025-11-29,TURB-001,326
2025-11-30,TURB-001,330
2025-12-01,TURB-001,332
2025-12-02,TURB-001,306
2025-12-03,TURB-001,328
2025-12-04,TURB-001,343
2025-12-05,TURB-001,324
2025-12-06,TURB-001,315
2025-12-07,TURB-001,304
2025-12-08,TURB-001,305
2025-12-09,TURB-001,330
2025-12-10,TURB-001,326
2025-12-11,TURB-001,319
2025-12-12,TURB-001,312
2025-12-13,TURB-001,318
2025-12-14,TURB-001,301
2025-12-15,TURB-001,305
2025-12-16,TURB-001,303
2025-12-17,TURB-001,318
2025-12-18,TURB-001,297
2025-12-19,TURB-001,299
2025-12-20,TURB-001,302
2025-12-21,TURB-001,302
2025-12-22,TURB-001,310
2025-12-23,TURB-001,309
2025-12-24,TURB-001,300
2025-12-25,TURB-001,300
2025-12-26,TURB-001,312
2025-12-27,TURB-001,313
2025-12-28,TURB-001,293
2025-12-29,TURB-001,313
2025-12-30,TURB-001,289
2025-12-31,TURB-001,290
2026-01-01,TURB-001,291
2026-01-02,TURB-001,296
2026-01-03,TURB-001,301
2026-01-04,TURB-001,291
2026-01-05,TURB-001,277
2026-01-06,TURB-001,282
2026-01-07,TURB-001,292
2026-01-08,TURB-001,273
2026-01-09,TURB-001,281
2026-01-10,TURB-001,288
2026-01-11,TURB-001,270
2026-01-12,TURB-001,290
2026-01-13,TURB-001,285
2026-01-14,TURB-001,271
2026-01-15,TURB-001,274
2026-01-16,TURB-001,275
2026-01-17,TURB-001,261
2026-01-18,TURB-001,260
2026-01-19,TURB-001,292
2026-01-20,TURB-001,262
2026-01-21,TURB-001,288
2026-01-22,TURB-001,272
2026-01-23,TURB-001,266
2026-01-24,TURB-001,270
2026-01-25,TURB-001,291
2026-01-26,TURB-001,257
2026-01-27,TURB-001,262
2026-01-28,TURB-001,279
2026-01-29,TURB-001,260
2026-01-30,TURB-001,254
2026-01-31,TURB-001,262
2026-02-01,TURB-001,251
2026-02-02,TURB-001,267
2026-02-03,TURB-001,262
2026-02-04,TURB-001,258
2026-02-05,TURB-001,263
2026-02-06,TURB-001,254
2026-02-07,TURB-001,246
2026-02-08,TURB-001,280
2026-02-09,TURB-001,254
2026-02-10,TURB-001,235
2026-02-11,TURB-001,251
2026-02-12,TURB-001,218
2026-02-13,TURB-001,248
2026-02-14,TURB-001,251
2026-02-15,TURB-001,238
2026-02-16,TURB-001,258
2026-02-17,TURB-001,244
2026-02-18,TURB-001,231
2026-02-19,TURB-001,257
2026-02-20,TURB-001,236
2026-02-21,TURB-001,250
2026-02-22,TURB-001,229
2026-02-23,TURB-001,250
2026-02-24,TURB-001,236
2026-02-25,TURB-001,222
2026-02-26,TURB-001,233
2026-02-27,TURB-001,216
2026-02-28,TURB-001,228
2026-03-01,TURB-001,254
2026-03-02,TURB-001,219
2026-03-03,TURB-001,227
2026-03-04,TURB-001,223
2026-03-05,TURB-001,217
2026-03-06,TURB-001,235
2026-03-07,TURB-001,244
2026-03-08,TURB-001,230
2026-03-09,TURB-001,238
2026-03-10,TURB-001,208
2026-03-11,TURB-001,238
2026-03-12,TURB-001,230
2026-03-13,TURB-001,227
2026-03-14,TURB-001,215
2026-03-15,TURB-001,226
2026-03-16,TURB-001,220
2026-03-17,TURB-001,221
2026-03-18,TURB-001,221
2026-03-19,TURB-001,224
2026-03-20,TURB-001,226
2026-03-21,TURB-001,220
2026-03-22,TURB-001,228
2026-03-23,TURB-001,217
2026-03-24,TURB-001,203
2026-03-25,TURB-001,194
2026-03-26,TURB-001,199
2026-03-27,TURB-001,220
2026-03-28,TURB-001,207
2026-03-29,TURB-001,218
2026-03-30,TURB-001,221
2026-03-31,TURB-001,187
2026-04-01,TURB-001,187
2026-04-02,TURB-001,191
2026-04-03,TURB-001,202
2026-04-04,TURB-001,177
2026-04-05,TURB-001,186
2026-04-06,TURB-001,175
2026-04-07,TURB-001,188
2026-04-08,TURB-001,178
2026-04-09,TURB-001,215
2026-04-10,TURB-001,193
2026-04-11,TURB-001,169
2026-04-12,TURB-001,190
2026-04-13,TURB-001,198
2026-04-14,TURB-001,174
2026-04-15,TURB-001,170
2026-04-16,TURB-001,196
2026-04-17,TURB-001,184
2026-04-18,TURB-001,170
2026-04-19,TURB-001,175
2026-04-20,TURB-001,192
2026-04-21,TURB-001,177
2026-04-22,TURB-001,181
2026-04-23,TURB-001,187
2026-04-24,TURB-001,192
2026-04-25,TURB-001,167
2026-04-26,TURB-001,176
2026-04-27,TURB-001,180
2026-04-28,TURB-001,181
2026-04-29,TURB-001,174
2026-04-30,TURB-001,174
2026-05-01,TURB-001,164
2026-05-02,TURB-001,182
2026-05-03,TURB-001,154
2026-05-04,TURB-001,161
2026-05-05,TURB-001,172
2026-05-06,TURB-001,178
2026-05-07,TURB-001,193
2026-05-08,TURB-001,152
2026-05-09,TURB-001,158
2026-05-10,TURB-001,168
2026-05-11,TURB-001,173
2026-05-12,TURB-001,154
2026-05-13,TURB-001,169
2026-05-14,TURB-001,184
2026-05-15,TURB-001,179
2026-05-16,TURB-001,159
2026-05-17,TURB-001,154
2026-05-18,TURB-001,150
2026-05-19,TURB-001,132
2026-05-20,TURB-001,159
2026-05-21,TURB-001,150
2026-05-22,TURB-001,157
2026-05-23,TURB-001,163
2026-05-24,TURB-001,160
2026-05-25,TURB-001,142
2026-05-26,TURB-001,149
2026-05-27,TURB-001,140
2026-05-28,TURB-001,132
2026-05-29,TURB-001,162
2026-05-30,TURB-001,154
2026-05-31,TURB-001,150
2026-06-01,TURB-001,151
2026-06-02,TURB-001,151
2026-06-03,TURB-001,143
2026-06-04,TURB-001,156
2026-06-05,TURB-001,129
2026-06-06,TURB-001,144
2026-06-07,TURB-001,153
2026-06-08,TURB-001,131
2026-06-09,TURB-001,136
2026-06-10,TURB-001,145
2026-06-11,TURB-001,140
2026-06-12,TURB-001,123
2026-06-13,TURB-001,123
2026-06-14,TURB-001,128
2026-06-15,TURB-001,134
2026-06-16,TURB-001,138
2026-06-17,TURB-001,118
2026-06-18,TURB-001,128
2026-06-19,TURB-001,125
2026-06-20,TURB-001,121
2026-06-21,TURB-001,110
2026-06-22,TURB-001,127
2026-06-23,TURB-001,111
2026-06-24,TURB-001,112
2026-06-25,TURB-001,117
2026-06-26,TURB-001,121
2026-06-27,TURB-001,118
2026-06-28,TURB-001,100
2026-06-29,TURB-001,118
2026-06-30,TURB-001,108
2026-07-01,TURB-001,102
2026-07-02,TURB-001,115
2026-07-03,TURB-001,120
2026-07-04,TURB-001,104
2026-07-05,TURB-001,125
2026-07-06,TURB-001,93
2026-07-07,TURB-001,119
2026-07-08,TURB-001,109
2026-07-09,TURB-001,101
2026-07-10,TURB-001,105
2026-07-11,TURB-001,100
2026-07-12,TURB-001,101
2026-07-13,TURB-001,100
2026-07-14,TURB-001,106
2026-07-15,TURB-001,100
2026-07-16,TURB-001,85
2026-07-17,TURB-001,111
2026-07-18,TURB-001,107
2026-07-19,TURB-001,81
2026-07-20,TURB-001,98
2026-07-21,TURB-001,110
2026-07-22,TURB-001,78
2026-07-23,TURB-001,94
2026-07-24,TURB-001,92
2026-07-25,TURB-001,76
2026-07-26,TURB-001,89
2026-07-27,TURB-001,91
2026-07-28,TURB-001,81
2026-07-29,TURB-001,87
2026-07-30,TURB-001,81
2026-07-31,TURB-001,85
2026-08-01,TURB-001,74
2026-08-02,TURB-001,58
2026-08-03,TURB-001,74
2026-08-04,TURB-001,66
2026-08-05,TURB-001,86
2026-08-06,TURB-001,82
2026-08-07,TURB-001,74
2026-08-08,TURB-001,87
2026-08-09,TURB-001,69
2026-08-10,TURB-001,81
2026-08-11,TURB-001,77
2026-08-12,TURB-001,85
2026-08-13,TURB-001,57
2026-08-14,TURB-001,52
2026-08-15,TURB-001,76
2026-08-16,TURB-001,68
2026-08-17,TURB-001,59
2026-08-18,TURB-001,50
2026-08-19,TURB-001,52
2025-11-01,TEMP-001,561
2025-11-02,TEMP-001,557
2025-11-03,TEMP-001,547
2025-11-04,TEMP-001,554
2025-11-05,TEMP-001,538
2025-11-06,TEMP-001,539
2025-11-07,TEMP-001,538
2025-11-08,TEMP-001,534
2025-11-09,TEMP-001,532
2025-11-10,TEMP-001,536
2025-11-11,TEMP-001,535
2025-11-12,TEMP-001,523
2025-11-13,TEMP-001,553
2025-11-14,TEMP-001,534
2025-11-15,TEMP-001,555
2025-11-16,TEMP-001,557
2025-11-17,TEMP-001,535
2025-11-18,TEMP-001,526
2025-11-19,TEMP-001,518
2025-11-20,TEMP-001,539
2025-11-21,TEMP-001,525
2025-11-22,TEMP-001,527
2025-11-23,TEMP-001,526
2025-11-24,TEMP-001,532
2025-11-25,TEMP-001,527
2025-11-26,TEMP-001,527
2025-11-27,TEMP-001,518
2025-11-28,TEMP-001,507
2025-11-29,TEMP-001,514
2025-11-30,TEMP-001,517
2025-12-01,TEMP-001,489
2025-12-02,TEMP-001,519
2025-12-03,TEMP-001,514
2025-12-04,TEMP-001,508
2025-12-05,TEMP-001,498
2025-12-06,TEMP-001,496
2025-12-07,TEMP-001,478
2025-12-08,TEMP-001,514
2025-12-09,TEMP-001,506
2025-12-10,TEMP-001,518
2025-12-11,TEMP-001,501
2025-12-12,TEMP-001,498
2025-12-13,TEMP-001,491
2025-12-14,TEMP-001,507
2025-12-15,TEMP-001,493
2025-12-16,TEMP-001,503
2025-12-17,TEMP-001,484
2025-12-18,TEMP-001,506
2025-12-19,TEMP-001,492
2025-12-20,TEMP-001,492
2025-12-21,TEMP-001,470
2025-12-22,TEMP-001,484
2025-12-23,TEMP-001,490
2025-12-24,TEMP-001,490
2025-12-25,TEMP-001,498
2025-12-26,TEMP-001,499
2025-12-27,TEMP-001,482
2025-12-28,TEMP-001,485
2025-12-29,TEMP-001,482
2025-12-30,TEMP-001,456
2025-12-31,TEMP-001,467
2026-01-01,TEMP-001,478
2026-01-02,TEMP-001,466
2026-01-03,TEMP-001,478
2026-01-04,TEMP-001,501
2026-01-05,TEMP-001,469
2026-01-06,TEMP-001,480
2026-01-07,TEMP-001,484
2026-01-08,TEMP-001,469
2026-01-09,TEMP-001,457
2026-01-10,TEMP-001,466
2026-01-11,TEMP-001,465
2026-01-12,TEMP-001,451
2026-01-13,TEMP-001,450
2026-01-14,TEMP-001,473
2026-01-15,TEMP-001,478
2026-01-16,TEMP-001,465
2026-01-17,TEMP-001,486
2026-01-18,TEMP-001,461
2026-01-19,TEMP-001,446
2026-01-20,TEMP-001,453
2026-01-21,TEMP-001,465
2026-01-22,TEMP-001,467
2026-01-23,TEMP-001,454
2026-01-24,TEMP-001,474
2026-01-25,TEMP-001,480
2026-01-26,TEMP-001,460
2026-01-27,TEMP-001,457
2026-01-28,TEMP-001,453
2026-01-29,TEMP-001,466
2026-01-30,TEMP-001,455
2026-01-31,TEMP-001,465
2026-02-01,TEMP-001,440
2026-02-02,TEMP-001,429
2026-02-03,TEMP-001,442
2026-02-04,TEMP-001,425
2026-02-05,TEMP-001,447
2026-02-06,TEMP-001,452
2026-02-07,TEMP-001,444
2026-02-08,TEMP-001,435
2026-02-09,TEMP-001,423
2026-02-10,TEMP-001,465
2026-02-11,TEMP-001,431
2026-02-12,TEMP-001,436
2026-02-13,TEMP-001,453
2026-02-14,TEMP-001,439
2026-02-15,TEMP-001,435
2026-02-16,TEMP-001,450
2026-02-17,TEMP-001,448
2026-02-18,TEMP-001,434
2026-02-19,TEMP-001,429
2026-02-20,TEMP-001,447
2026-02-21,TEMP-001,427
2026-02-22,TEMP-001,440
2026-02-23,TEMP-001,436
2026-02-24,TEMP-001,442
2026-02-25,TEMP-001,430
2026-02-26,TEMP-001,448
2026-02-27,TEMP-001,428
2026-02-28,TEMP-001,418
2026-03-01,TEMP-001,439
2026-03-02,TEMP-001,418
2026-03-03,TEMP-001,420
2026-03-04,TEMP-001,424
2026-03-05,TEMP-001,423
2026-03-06,TEMP-001,431
2026-03-07,TEMP-001,409
2026-03-08,TEMP-001,427
2026-03-09,TEMP-001,409
2026-03-10,TEMP-001,419
2026-03-11,TEMP-001,396
2026-03-12,TEMP-001,404
2026-03-13,TEMP-001,438
2026-03-14,TEMP-001,409
2026-03-15,TEMP-001,409
2026-03-16,TEMP-001,421
2026-03-17,TEMP-001,403
2026-03-18,TEMP-001,422
2026-03-19,TEMP-001,411
2026-03-20,TEMP-001,407
2026-03-21,TEMP-001,425
2026-03-22,TEMP-001,405
2026-03-23,TEMP-001,384
2026-03-24,TEMP-001,386
2026-03-25,TEMP-001,397
2026-03-26,TEMP-001,416
2026-03-27,TEMP-001,405
2026-03-28,TEMP-001,402
2026-03-29,TEMP-001,413
2026-03-30,TEMP-001,376
2026-03-31,TEMP-001,392
2026-04-01,TEMP-001,407
2026-04-02,TEMP-001,375
2026-04-03,TEMP-001,424
2026-04-04,TEMP-001,397
2026-04-05,TEMP-001,392
2026-04-06,TEMP-001,388
2026-04-07,TEMP-001,384
2026-04-08,TEMP-001,383
2026-04-09,TEMP-001,393
2026-04-10,TEMP-001,370
2026-04-11,TEMP-001,407
2026-04-12,TEMP-001,394
2026-04-13,TEMP-001,401
2026-04-14,TEMP-001,399
2026-04-15,TEMP-001,367
2026-04-16,TEMP-001,377
2026-04-17,TEMP-001,396
2026-04-18,TEMP-001,384
2026-04-19,TEMP-001,383
2026-04-20,TEMP-001,374
2026-04-21,TEMP-001,356
2026-04-22,TEMP-001,363
2026-04-23,TEMP-001,358
2026-04-24,TEMP-001,368
2026-04-25,TEMP-001,399
2026-04-26,TEMP-001,368
2026-04-27,TEMP-001,386
2026-04-28,TEMP-001,381
2026-04-29,TEMP-001,392
2026-04-30,TEMP-001,376
2026-05-01,TEMP-001,378
2026-05-02,TEMP-001,356
2026-05-03,TEMP-001,346
2026-05-04,TEMP-001,362
2026-05-05,TEMP-001,362
2026-05-06,TEMP-001,386
2026-05-07,TEMP-001,374
2026-05-08,TEMP-001,357
2026-05-09,TEMP-001,354
2026-05-10,TEMP-001,367
2026-05-11,TEMP-001,356
2026-05-12,TEMP-001,340
2026-05-13,TEMP-001,348
2026-05-14,TEMP-001,353
2026-05-15,TEMP-001,368
2026-05-16,TEMP-001,351
2026-05-17,TEMP-001,339
2026-05-18,TEMP-001,336
2026-05-19,TEMP-001,354
2026-05-20,TEMP-001,348
2026-05-21,TEMP-001,341
2026-05-22,TEMP-001,354
2026-05-23,TEMP-001,344
2026-05-24,TEMP-001,343
2026-05-25,TEMP-001,327
2026-05-26,TEMP-001,333
2026-05-27,TEMP-001,348
2026-05-28,TEMP-001,351
2026-05-29,TEMP-001,334
2026-05-30,TEMP-001,341
2026-05-31,TEMP-001,337
2026-06-01,TEMP-001,348
2026-06-02,TEMP-001,361
2026-06-03,TEMP-001,340
2026-06-04,TEMP-001,335
2026-06-05,TEMP-001,320
2026-06-06,TEMP-001,332
2026-06-07,TEMP-001,324
2026-06-08,TEMP-001,327
2026-06-09,TEMP-001,318
2026-06-10,TEMP-001,313
2026-06-11,TEMP-001,307
2026-06-12,TEMP-001,330
2026-06-13,TEMP-001,321
2026-06-14,TEMP-001,342
2026-06-15,TEMP-001,314
2026-06-16,TEMP-001,328
2026-06-17,TEMP-001,318
2026-06-18,TEMP-001,320
2026-06-19,TEMP-001,327
2026-06-20,TEMP-001,306
2026-06-21,TEMP-001,300
2026-06-22,TEMP-001,302
2026-06-23,TEMP-001,308
2026-06-24,TEMP-001,306
2026-06-25,TEMP-001,296
2026-06-26,TEMP-001,303
2026-06-27,TEMP-001,313
2026-06-28,TEMP-001,292
2026-06-29,TEMP-001,317
2026-06-30,TEMP-001,273
2026-07-01,TEMP-001,292
2026-07-02,TEMP-001,309
2026-07-03,TEMP-001,305
2026-07-04,TEMP-001,288
2026-07-05,TEMP-001,300
2026-07-06,TEMP-001,287
2026-07-07,TEMP-001,316
2026-07-08,TEMP-001,281
2026-07-09,TEMP-001,280
2026-07-10,TEMP-001,287
2026-07-11,TEMP-001,277
2026-07-12,TEMP-001,288
2026-07-13,TEMP-001,284
2026-07-14,TEMP-001,291
2026-07-15,TEMP-001,316
2026-07-16,TEMP-001,293
2026-07-17,TEMP-001,269
2026-07-18,TEMP-001,276
2026-07-19,TEMP-001,256
2026-07-20,TEMP-001,274
2026-07-21,TEMP-001,290
2026-07-22,TEMP-001,297
2026-07-23,TEMP-001,287
2026-07-24,TEMP-001,277
2026-07-25,TEMP-001,278
2026-07-26,TEMP-001,273
2026-07-27,TEMP-001,262
2026-07-28,TEMP-001,266
2026-07-29,TEMP-001,280
2026-07-30,TEMP-001,274
2026-07-31,TEMP-001,262
2026-08-01,TEMP-001,264
2026-08-02,TEMP-001,289
2026-08-03,TEMP-001,259
2026-08-04,TEMP-001,257
2026-08-05,TEMP-001,303
2026-08-06,TEMP-001,290
2026-08-07,TEMP-001,263
2026-08-08,TEMP-001,251
2026-08-09,TEMP-001,270
2026-08-10,TEMP-001,242
2026-08-11,TEMP-001,247
2026-08-12,TEMP-001,260
2026-08-13,TEMP-001,269
2026-08-14,TEMP-001,273
2026-08-15,TEMP-001,266
2026-08-16,TEMP-001,260
2026-08-17,TEMP-001,253
2026-08-18,TEMP-001,260
2026-08-19,TEMP-001,246
2025-11-01,FLOW-001,504
2025-11-02,FLOW-001,515
2025-11-03,FLOW-001,490
2025-11-04,FLOW-001,489
2025-11-05,FLOW-001,501
2025-11-06,FLOW-001,508
2025-11-07,FLOW-001,492
2025-11-08,FLOW-001,489
2025-11-09,FLOW-001,483
2025-11-10,FLOW-001,499
2025-11-11,FLOW-001,485
2025-11-12,FLOW-001,464
2025-11-13,FLOW-001,506
2025-11-14,FLOW-001,488
2025-11-15,FLOW-001,497
2025-11-16,FLOW-001,498
2025-11-17,FLOW-001,496
2025-11-18,FLOW-001,495
2025-11-19,FLOW-001,475
2025-11-20,FLOW-001,486
2025-11-21,FLOW-001,473
2025-11-22,FLOW-001,469
2025-11-23,FLOW-001,473
2025-11-24,FLOW-001,484
2025-11-25,FLOW-001,471
2025-11-26,FLOW-001,459
2025-11-27,FLOW-001,482
2025-11-28,FLOW-001,464
2025-11-29,FLOW-001,485
2025-11-30,FLOW-001,451
2025-12-01,FLOW-001,459
2025-12-02,FLOW-001,486
2025-12-03,FLOW-001,459
2025-12-04,FLOW-001,470
2025-12-05,FLOW-001,478
2025-12-06,FLOW-001,457
2025-12-07,FLOW-001,458
2025-12-08,FLOW-001,460
2025-12-09,FLOW-001,477
2025-12-10,FLOW-001,457
2025-12-11,FLOW-001,453
2025-12-12,FLOW-001,459
2025-12-13,FLOW-001,475
2025-12-14,FLOW-001,445
2025-12-15,FLOW-001,449
2025-12-16,FLOW-001,486
2025-12-17,FLOW-001,446
2025-12-18,FLOW-001,467
2025-12-19,FLOW-001,449
2025-12-20,FLOW-001,443
2025-12-21,FLOW-001,455
2025-12-22,FLOW-001,464
2025-12-23,FLOW-001,434
2025-12-24,FLOW-001,441
2025-12-25,FLOW-001,440
2025-12-26,FLOW-001,434
2025-12-27,FLOW-001,451
2025-12-28,FLOW-001,433
2025-12-29,FLOW-001,434
2025-12-30,FLOW-001,449
2025-12-31,FLOW-001,452
2026-01-01,FLOW-001,443
2026-01-02,FLOW-001,432
2026-01-03,FLOW-001,433
2026-01-04,FLOW-001,453
2026-01-05,FLOW-001,417
2026-01-06,FLOW-001,458
2026-01-07,FLOW-001,408
2026-01-08,FLOW-001,432
2026-01-09,FLOW-001,418
2026-01-10,FLOW-001,450
2026-01-11,FLOW-001,419
2026-01-12,FLOW-001,426
2026-01-13,FLOW-001,438
2026-01-14,FLOW-001,434
2026-01-15,FLOW-001,423
2026-01-16,FLOW-001,419
2026-01-17,FLOW-001,410
2026-01-18,FLOW-001,413
2026-01-19,FLOW-001,416
2026-01-20,FLOW-001,411
2026-01-21,FLOW-001,433
2026-01-22,FLOW-001,415
2026-01-23,FLOW-001,414
2026-01-24,FLOW-001,397
2026-01-25,FLOW-001,430
2026-01-26,FLOW-001,412
2026-01-27,FLOW-001,414
2026-01-28,FLOW-001,434
2026-01-29,FLOW-001,429
2026-01-30,FLOW-001,421
2026-01-31,FLOW-001,404
2026-02-01,FLOW-001,413
2026-02-02,FLOW-001,414
2026-02-03,FLOW-001,409
2026-02-04,FLOW-001,413
2026-02-05,FLOW-001,385
2026-02-06,FLOW-001,410
2026-02-07,FLOW-001,394
2026-02-08,FLOW-001,375
2026-02-09,FLOW-001,396
2026-02-10,FLOW-001,410
2026-02-11,FLOW-001,415
2026-02-12,FLOW-001,397
2026-02-13,FLOW-001,411
2026-02-14,FLOW-001,411
2026-02-15,FLOW-001,393
2026-02-16,FLOW-001,403
2026-02-17,FLOW-001,394
2026-02-18,FLOW-001,374
2026-02-19,FLOW-001,388
2026-02-20,FLOW-001,380
2026-02-21,FLOW-001,379
2026-02-22,FLOW-001,388
2026-02-23,FLOW-001,386
2026-02-24,FLOW-001,370
2026-02-25,FLOW-001,380
2026-02-26,FLOW-001,377
2026-02-27,FLOW-001,387
2026-02-28,FLOW-001,377
2026-03-01,FLOW-001,392
2026-03-02,FLOW-001,368
2026-03-03,FLOW-001,375
2026-03-04,FLOW-001,382
2026-03-05,FLOW-001,367
2026-03-06,FLOW-001,361
2026-03-07,FLOW-001,365
2026-03-08,FLOW-001,376
2026-03-09,FLOW-001,373
2026-03-10,FLOW-001,368
2026-03-11,FLOW-001,396
2026-03-12,FLOW-001,353
2026-03-13,FLOW-001,367
2026-03-14,FLOW-001,371
2026-03-15,FLOW-001,361
2026-03-16,FLOW-001,347
2026-03-17,FLOW-001,366
2026-03-18,FLOW-001,344
2026-03-19,FLOW-001,347
2026-03-20,FLOW-001,338
2026-03-21,FLOW-001,362
2026-03-22,FLOW-001,373
2026-03-23,FLOW-001,374
2026-03-24,FLOW-001,356
2026-03-25,FLOW-001,354
2026-03-26,FLOW-001,361
2026-03-27,FLOW-001,344
2026-03-28,FLOW-001,361
2026-03-29,FLOW-001,353
2026-03-30,FLOW-001,336
2026-03-31,FLOW-001,360
2026-04-01,FLOW-001,356
2026-04-02,FLOW-001,367
2026-04-03,FLOW-001,344
2026-04-04,FLOW-001,332
2026-04-05,FLOW-001,353
2026-04-06,FLOW-001,333
2026-04-07,FLOW-001,350
2026-04-08,FLOW-001,336
2026-04-09,FLOW-001,371
2026-04-10,FLOW-001,326
2026-04-11,FLOW-001,373
2026-04-12,FLOW-001,337
2026-04-13,FLOW-001,335
2026-04-14,FLOW-001,330
2026-04-15,FLOW-001,344
2026-04-16,FLOW-001,345
2026-04-17,FLOW-001,348
2026-04-18,FLOW-001,320
2026-04-19,FLOW-001,336
2026-04-20,FLOW-001,322
2026-04-21,FLOW-001,337
2026-04-22,FLOW-001,332
2026-04-23,FLOW-001,308
2026-04-24,FLOW-001,345
2026-04-25,FLOW-001,329
2026-04-26,FLOW-001,313
2026-04-27,FLOW-001,292
2026-04-28,FLOW-001,328
2026-04-29,FLOW-001,308
2026-04-30,FLOW-001,315
2026-05-01,FLOW-001,315
2026-05-02,FLOW-001,319
2026-05-03,FLOW-001,299
2026-05-04,FLOW-001,305
2026-05-05,FLOW-001,289
2026-05-06,FLOW-001,320
2026-05-07,FLOW-001,296
2026-05-08,FLOW-001,294
2026-05-09,FLOW-001,325
2026-05-10,FLOW-001,317
2026-05-11,FLOW-001,329
2026-05-12,FLOW-001,330
2026-05-13,FLOW-001,307
2026-05-14,FLOW-001,328
2026-05-15,FLOW-001,320
2026-05-16,FLOW-001,301
2026-05-17,FLOW-001,317
2026-05-18,FLOW-001,304
2026-05-19,FLOW-001,290
2026-05-20,FLOW-001,288
2026-05-21,FLOW-001,284
2026-05-22,FLOW-001,296
2026-05-23,FLOW-001,290
2026-05-24,FLOW-001,297
2026-05-25,FLOW-001,311
2026-05-26,FLOW-001,269
2026-05-27,FLOW-001,302
2026-05-28,FLOW-001,308
2026-05-29,FLOW-001,305
2026-05-30,FLOW-001,267
2026-05-31,FLOW-001,283
2026-06-01,FLOW-001,284
2026-06-02,FLOW-001,303
2026-06-03,FLOW-001,305
2026-06-04,FLOW-001,302
2026-06-05,FLOW-001,287
2026-06-06,FLOW-001,284
2026-06-07,FLOW-001,290
2026-06-08,FLOW-001,283
2026-06-09,FLOW-001,293
2026-06-10,FLOW-001,310
2026-06-11,FLOW-001,285
2026-06-12,FLOW-001,276
2026-06-13,FLOW-001,269
2026-06-14,FLOW-001,283
2026-06-15,FLOW-001,288
2026-06-16,FLOW-001,255
2026-06-17,FLOW-001,283
2026-06-18,FLOW-001,291
2026-06-19,FLOW-001,279
2026-06-20,FLOW-001,268
2026-06-21,FLOW-001,271
2026-06-22,FLOW-001,250
2026-06-23,FLOW-001,265
2026-06-24,FLOW-001,276
2026-06-25,FLOW-001,269
2026-06-26,FLOW-001,257
2026-06-27,FLOW-001,254
2026-06-28,FLOW-001,256
2026-06-29,FLOW-001,270
2026-06-30,FLOW-001,249
2026-07-01,FLOW-001,265
2026-07-02,FLOW-001,254
2026-07-03,FLOW-001,257
2026-07-04,FLOW-001,265
2026-07-05,FLOW-001,251
2026-07-06,FLOW-001,230
2026-07-07,FLOW-001,234
2026-07-08,FLOW-001,257
2026-07-09,FLOW-001,264
2026-07-10,FLOW-001,252
2026-07-11,FLOW-001,250
2026-07-12,FLOW-001,250
2026-07-13,FLOW-001,263
2026-07-14,FLOW-001,226
2026-07-15,FLOW-001,262
2026-07-16,FLOW-001,234
2026-07-17,FLOW-001,257
2026-07-18,FLOW-001,242
2026-07-19,FLOW-001,254
2026-07-20,FLOW-001,256
2026-07-21,FLOW-001,234
2026-07-22,FLOW-001,219
2026-07-23,FLOW-001,226
2026-07-24,FLOW-001,244
2026-07-25,FLOW-001,237
2026-07-26,FLOW-001,236
2026-07-27,FLOW-001,226
2026-07-28,FLOW-001,225
2026-07-29,FLOW-001,249
2026-07-30,FLOW-001,231
2026-07-31,FLOW-001,237
2026-08-01,FLOW-001,238
2026-08-02,FLOW-001,227
2026-08-03,FLOW-001,211
2026-08-04,FLOW-001,240
2026-08-05,FLOW-001,209
2026-08-06,FLOW-001,225
2026-08-07,FLOW-001,206
2026-08-08,FLOW-001,242
2026-08-09,FLOW-001,207
2026-08-10,FLOW-001,212
2026-08-11,FLOW-001,220
2026-08-12,FLOW-001,207
2026-08-13,FLOW-001,200
2026-08-14,FLOW-001,213
2026-08-15,FLOW-001,228
2026-08-16,FLOW-001,201
2026-08-17,FLOW-001,207
2026-08-18,FLOW-001,204
2026-08-19,FLOW-001,201
2025-11-01,LEVEL-001,444
2025-11-02,LEVEL-001,446
2025-11-03,LEVEL-001,412
2025-11-04,LEVEL-001,448
2025-11-05,LEVEL-001,445
2025-11-06,LEVEL-001,428
2025-11-07,LEVEL-001,442
2025-11-08,LEVEL-001,430
2025-11-09,LEVEL-001,428
2025-11-10,LEVEL-001,426
2025-11-11,LEVEL-001,453
2025-11-12,LEVEL-001,435
2025-11-13,LEVEL-001,444
2025-11-14,LEVEL-001,408
2025-11-15,LEVEL-001,432
2025-11-16,LEVEL-001,428
2025-11-17,LEVEL-001,421
2025-11-18,LEVEL-001,435
2025-11-19,LEVEL-001,423
2025-11-20,LEVEL-001,440
2025-11-21,LEVEL-001,412
2025-11-22,LEVEL-001,398
2025-11-23,LEVEL-001,407
2025-11-24,LEVEL-001,397
2025-11-25,LEVEL-001,399
2025-11-26,LEVEL-001,425
2025-11-27,LEVEL-001,409
2025-11-28,LEVEL-001,427
2025-11-29,LEVEL-001,413
2025-11-30,LEVEL-001,408
2025-12-01,LEVEL-001,401
2025-12-02,LEVEL-001,415
2025-12-03,LEVEL-001,402
2025-12-04,LEVEL-001,414
2025-12-05,LEVEL-001,425
2025-12-06,LEVEL-001,407
2025-12-07,LEVEL-001,411
2025-12-08,LEVEL-001,402
2025-12-09,LEVEL-001,398
2025-12-10,LEVEL-001,422
2025-12-11,LEVEL-001,394
2025-12-12,LEVEL-001,400
2025-12-13,LEVEL-001,412
2025-12-14,LEVEL-001,383
2025-12-15,LEVEL-001,412
2025-12-16,LEVEL-001,398
2025-12-17,LEVEL-001,403
2025-12-18,LEVEL-001,397
2025-12-19,LEVEL-001,404
2025-12-20,LEVEL-001,405
2025-12-21,LEVEL-001,401
2025-12-22,LEVEL-001,388
2025-12-23,LEVEL-001,388
2025-12-24,LEVEL-001,400
2025-12-25,LEVEL-001,397
2025-12-26,LEVEL-001,379
2025-12-27,LEVEL-001,375
2025-12-28,LEVEL-001,381
2025-12-29,LEVEL-001,368
2025-12-30,LEVEL-001,393
2025-12-31,LEVEL-001,390
2026-01-01,LEVEL-001,390
2026-01-02,LEVEL-001,399
2026-01-03,LEVEL-001,383
2026-01-04,LEVEL-001,393
2026-01-05,LEVEL-001,371
2026-01-06,LEVEL-001,379
2026-01-07,LEVEL-001,378
2026-01-08,LEVEL-001,379
2026-01-09,LEVEL-001,385
2026-01-10,LEVEL-001,356
2026-01-11,LEVEL-001,355
2026-01-12,LEVEL-001,362
2026-01-13,LEVEL-001,379
2026-01-14,LEVEL-001,369
2026-01-15,LEVEL-001,379
2026-01-16,LEVEL-001,370
2026-01-17,LEVEL-001,375
2026-01-18,LEVEL-001,370
2026-01-19,LEVEL-001,355
2026-01-20,LEVEL-001,355
2026-01-21,LEVEL-001,371
2026-01-22,LEVEL-001,383
2026-01-23,LEVEL-001,355
2026-01-24,LEVEL-001,353
2026-01-25,LEVEL-001,373
2026-01-26,LEVEL-001,355
2026-01-27,LEVEL-001,337
2026-01-28,LEVEL-001,353
2026-01-29,LEVEL-001,345
2026-01-30,LEVEL-001,382
2026-01-31,LEVEL-001,350
2026-02-01,LEVEL-001,339
2026-02-02,LEVEL-001,377
2026-02-03,LEVEL-001,341
2026-02-04,LEVEL-001,358
2026-02-05,LEVEL-001,363
2026-02-06,LEVEL-001,352
2026-02-07,LEVEL-001,362
2026-02-08,LEVEL-001,341
2026-02-09,LEVEL-001,338
2026-02-10,LEVEL-001,341
2026-02-11,LEVEL-001,344
2026-02-12,LEVEL-001,292
2026-02-13,LEVEL-001,341
2026-02-14,LEVEL-001,351
2026-02-15,LEVEL-001,310
2026-02-16,LEVEL-001,338
2026-02-17,LEVEL-001,355
2026-02-18,LEVEL-001,327
2026-02-19,LEVEL-001,318
2026-02-20,LEVEL-001,304
2026-02-21,LEVEL-001,336
2026-02-22,LEVEL-001,328
2026-02-23,LEVEL-001,322
2026-02-24,LEVEL-001,303
2026-02-25,LEVEL-001,323
2026-02-26,LEVEL-001,328
2026-02-27,LEVEL-001,340
2026-02-28,LEVEL-001,330
2026-03-01,LEVEL-001,335
2026-03-02,LEVEL-001,335
2026-03-03,LEVEL-001,338
2026-03-04,LEVEL-001,341
2026-03-05,LEVEL-001,311
2026-03-06,LEVEL-001,282
2026-03-07,LEVEL-001,315
2026-03-08,LEVEL-001,322
2026-03-09,LEVEL-001,289
2026-03-10,LEVEL-001,322
2026-03-11,LEVEL-001,304
2026-03-12,LEVEL-001,327
2026-03-13,LEVEL-001,301
2026-03-14,LEVEL-001,298
2026-03-15,LEVEL-001,313
2026-03-16,LEVEL-001,308
2026-03-17,LEVEL-001,315
2026-03-18,LEVEL-001,313
2026-03-19,LEVEL-001,318
2026-03-20,LEVEL-001,294
2026-03-21,LEVEL-001,318
2026-03-22,LEVEL-001,296
2026-03-23,LEVEL-001,308
2026-03-24,LEVEL-001,326
2026-03-25,LEVEL-001,311
2026-03-26,LEVEL-001,297
2026-03-27,LEVEL-001,309
2026-03-28,LEVEL-001,300
2026-03-29,LEVEL-001,302
2026-03-30,LEVEL-001,285
2026-03-31,LEVEL-001,288
2026-04-01,LEVEL-001,291
2026-04-02,LEVEL-001,278
2026-04-03,LEVEL-001,312
2026-04-04,LEVEL-001,300
2026-04-05,LEVEL-001,309
2026-04-06,LEVEL-001,276
2026-04-07,LEVEL-001,289
2026-04-08,LEVEL-001,292
2026-04-09,LEVEL-001,292
2026-04-10,LEVEL-001,307
2026-04-11,LEVEL-001,291
2026-04-12,LEVEL-001,294
2026-04-13,LEVEL-001,246
2026-04-14,LEVEL-001,275
2026-04-15,LEVEL-001,280
2026-04-16,LEVEL-001,277
2026-04-17,LEVEL-001,283
2026-04-18,LEVEL-001,282
2026-04-19,LEVEL-001,282
2026-04-20,LEVEL-001,274
2026-04-21,LEVEL-001,264
2026-04-22,LEVEL-001,284
2026-04-23,LEVEL-001,274
2026-04-24,LEVEL-001,276
2026-04-25,LEVEL-001,290
2026-04-26,LEVEL-001,271
2026-04-27,LEVEL-001,257
2026-04-28,LEVEL-001,245
2026-04-29,LEVEL-001,245
2026-04-30,LEVEL-001,295
2026-05-01,LEVEL-001,262
2026-05-02,LEVEL-001,257
2026-05-03,LEVEL-001,227
2026-05-04,LEVEL-001,264
2026-05-05,LEVEL-001,254
2026-05-06,LEVEL-001,276
2026-05-07,LEVEL-001,269
2026-05-08,LEVEL-001,270
2026-05-09,LEVEL-001,265
2026-05-10,LEVEL-001,249
2026-05-11,LEVEL-001,222
2026-05-12,LEVEL-001,275
2026-05-13,LEVEL-001,247
2026-05-14,LEVEL-001,250
2026-05-15,LEVEL-001,249
2026-05-16,LEVEL-001,245
2026-05-17,LEVEL-001,271
2026-05-18,LEVEL-001,241
2026-05-19,LEVEL-001,237
2026-05-20,LEVEL-001,210
2026-05-21,LEVEL-001,237
2026-05-22,LEVEL-001,237
2026-05-23,LEVEL-001,232
2026-05-24,LEVEL-001,228
2026-05-25,LEVEL-001,233
2026-05-26,LEVEL-001,206
2026-05-27,LEVEL-001,201
2026-05-28,LEVEL-001,244
2026-05-29,LEVEL-001,242
2026-05-30,LEVEL-001,215
2026-05-31,LEVEL-001,244
2026-06-01,LEVEL-001,220
2026-06-02,LEVEL-001,219
2026-06-03,LEVEL-001,240
2026-06-04,LEVEL-001,235
2026-06-05,LEVEL-001,216
2026-06-06,LEVEL-001,202
2026-06-07,LEVEL-001,238
2026-06-08,LEVEL-001,239
2026-06-09,LEVEL-001,213
2026-06-10,LEVEL-001,232
2026-06-11,LEVEL-001,231
2026-06-12,LEVEL-001,255
2026-06-13,LEVEL-001,211
2026-06-14,LEVEL-001,232
2026-06-15,LEVEL-001,220
2026-06-16,LEVEL-001,229
2026-06-17,LEVEL-001,201
2026-06-18,LEVEL-001,197
2026-06-19,LEVEL-001,205
2026-06-20,LEVEL-001,229
2026-06-21,LEVEL-001,226
2026-06-22,LEVEL-001,219
2026-06-23,LEVEL-001,197
2026-06-24,LEVEL-001,162
2026-06-25,LEVEL-001,225
2026-06-26,LEVEL-001,226
2026-06-27,LEVEL-001,209
2026-06-28,LEVEL-001,200
2026-06-29,LEVEL-001,206
2026-06-30,LEVEL-001,204
2026-07-01,LEVEL-001,218
2026-07-02,LEVEL-001,195
2026-07-03,LEVEL-001,218
2026-07-04,LEVEL-001,186
2026-07-05,LEVEL-001,199
2026-07-06,LEVEL-001,184
2026-07-07,LEVEL-001,198
2026-07-08,LEVEL-001,186
2026-07-09,LEVEL-001,216
2026-07-10,LEVEL-001,192
2026-07-11,LEVEL-001,178
2026-07-12,LEVEL-001,189
2026-07-13,LEVEL-001,192
2026-07-14,LEVEL-001,168
2026-07-15,LEVEL-001,171
2026-07-16,LEVEL-001,184
2026-07-17,LEVEL-001,193
2026-07-18,LEVEL-001,191
2026-07-19,LEVEL-001,185
2026-07-20,LEVEL-001,184
2026-07-21,LEVEL-001,159
2026-07-22,LEVEL-001,174
2026-07-23,LEVEL-001,173
2026-07-24,LEVEL-001,152
2026-07-25,LEVEL-001,199
2026-07-26,LEVEL-001,171
2026-07-27,LEVEL-001,171
2026-07-28,LEVEL-001,194
2026-07-29,LEVEL-001,170
2026-07-30,LEVEL-001,147
2026-07-31,LEVEL-001,182
2026-08-01,LEVEL-001,193
2026-08-02,LEVEL-001,189
2026-08-03,LEVEL-001,149
2026-08-04,LEVEL-001,179
2026-08-05,LEVEL-001,184
2026-08-06,LEVEL-001,172
2026-08-07,LEVEL-001,148
2026-08-08,LEVEL-001,159
2026-08-09,LEVEL-001,164
2026-08-10,LEVEL-001,148
2026-08-11,LEVEL-001,164
2026-08-12,LEVEL-001,151
2026-08-13,LEVEL-001,150
2026-08-14,LEVEL-001,152
2026-08-15,LEVEL-001,167
2026-08-16,LEVEL-001,151
2026-08-17,LEVEL-001,169
2026-08-18,LEVEL-001,146
2026-08-19,LEVEL-001,158
