water_date,water_day_of_year,water_month,water_day_of_week_num,water_site_users,water_season_index,water_potable_before_l,water_potable_after_l,water_potable_saved_l,water_nonpotable_demand_l,water_toilet_demand_l,water_irrigation_demand_l,water_cleaning_demand_l,water_laundry_demand_l,water_greywater_collected_l,water_greywater_recycled_l,water_recycling_efficiency,water_greywater_reused_l,water_tank_average_l,water_valve_open_hours,water_pump_active_hours,water_ph,water_tds_mg_l,water_turbidity_ntu,water_temperature_c,water_maintenance_event,sensor_date,sensor_sensor_average_uptime_pct,sensor_sensor_average_signal_quality_pct,sensor_sensor_total_error_events,sensor_sensors_replacement_flags
2025-11-01,1,11,5,44,0.9679,696.18,348.09,348.09,617.27,275.43,103.3,121.23,117.31,675.89,618.01,0.9144,533.79,454.72,11.48,8.07,7.074,470.7,4.118,18.31,0,2025-11-01,99.36616666666667,98.5695,3,0
2025-11-02,2,11,6,40,0.9691,771.76,420.36,351.4,460.32,228.98,81.17,60.19,89.98,470.2,388.21,0.8256,351.4,503.76,7.37,5.04,7.188,427.74,3.663,16.82,0,2025-11-02,99.78783333333332,99.11983333333335,0,0
2025-11-03,3,11,0,58,0.9704,1194.53,635.53,559.0,647.25,342.3,106.19,78.42,120.35,809.32,700.01,0.8649,559.0,575.13,12.31,8.14,7.088,422.19,4.379,18.17,0,2025-11-03,99.85199999999999,99.43816666666667,2,0
2025-11-04,4,11,1,51,0.9717,1082.8,550.09,532.71,599.47,284.79,165.05,54.25,95.37,767.0,648.7,0.8458,532.71,680.61,11.33,8.75,6.936,485.04,4.172,15.99,0,2025-11-04,99.77366666666667,99.04766666666667,0,0
2025-11-05,5,11,2,51,0.973,1108.77,554.39,554.39,652.41,306.69,155.04,61.12,129.57,724.07,628.92,0.8686,554.66,746.01,11.27,8.44,7.311,448.9,5.069,18.85,0,2025-11-05,99.80266666666667,98.59666666666668,3,0
2025-11-06,6,11,3,55,0.9743,1262.32,631.16,631.16,749.46,350.66,143.12,123.89,131.79,816.18,713.43,0.8741,636.55,798.58,13.66,9.83,7.086,395.6,5.165,18.04,0,2025-11-06,99.94483333333334,98.75933333333334,1,0
2025-11-07,7,11,4,56,0.9756,1059.06,529.53,529.53,743.42,378.03,153.4,85.11,126.88,782.01,694.48,0.8881,628.09,859.09,13.59,10.19,6.869,373.68,4.077,18.74,0,2025-11-07,99.75233333333334,98.60033333333332,1,0
2025-11-08,8,11,5,46,0.9769,871.52,435.76,435.76,620.94,308.08,151.64,58.03,103.19,716.65,634.28,0.8851,548.7,906.73,11.96,8.05,6.757,406.3,5.872,18.55,0,2025-11-08,99.71999999999998,99.05566666666668,2,0
2025-11-09,9,11,6,48,0.9782,837.01,418.51,418.51,619.12,299.15,132.15,86.25,101.57,793.94,690.77,0.87,548.02,964.74,11.36,9.09,7.183,306.3,4.971,16.87,0,2025-11-09,99.76799999999999,98.32816666666668,2,0
2025-11-10,10,11,0,52,0.9796,1124.37,572.07,552.3,632.31,303.74,110.61,103.66,114.29,867.5,799.39,0.9215,552.3,1000.0,13.82,7.74,7.173,369.42,5.474,18.06,0,2025-11-10,99.71783333333333,98.30016666666666,2,0
2025-11-11,11,11,1,53,0.9809,1115.32,557.66,557.66,689.3,314.36,137.38,106.0,131.56,894.44,840.78,0.94,597.21,1000.0,12.79,9.91,7.124,336.18,4.36,17.68,0,2025-11-11,99.91583333333334,99.0705,1,0
2025-11-12,12,11,2,52,0.9822,1062.67,540.44,522.23,609.67,314.0,99.15,71.6,124.92,820.04,729.83,0.89,522.23,1000.0,11.05,8.97,6.985,373.9,4.131,20.45,0,2025-11-12,99.61683333333333,99.06566666666667,1,0
2025-11-13,13,11,3,51,0.9836,1108.59,560.9,547.69,681.38,299.94,142.5,100.09,138.85,697.68,604.37,0.8663,547.69,1000.0,12.21,9.89,6.673,439.51,4.931,18.66,0,2025-11-13,99.78866666666666,99.34100000000001,2,0
2025-11-14,14,11,4,48,0.9849,1016.85,525.45,491.4,571.17,281.39,87.35,88.48,113.95,673.07,580.39,0.8623,491.4,1000.0,10.55,7.46,6.891,429.31,4.31,20.95,0,2025-11-14,99.61166666666666,98.669,1,0
2025-11-15,15,11,5,45,0.9863,832.17,416.09,416.09,661.71,276.64,202.58,96.13,86.35,672.35,580.8,0.8638,540.35,1000.0,10.5,8.46,6.91,339.55,5.018,18.77,0,2025-11-15,99.71183333333333,99.158,3,0
2025-11-16,16,11,6,42,0.9877,762.15,381.08,381.08,545.51,264.86,83.3,107.89,89.47,566.8,492.36,0.8687,438.8,1000.0,8.81,6.28,6.842,362.75,3.62,19.21,0,2025-11-16,99.7015,99.10483333333333,3,0
2025-11-17,17,11,0,49,0.989,1027.48,553.63,473.85,541.77,267.97,88.99,87.79,97.02,742.35,644.23,0.8678,473.85,1000.0,10.06,7.58,7.175,294.24,4.891,20.03,0,2025-11-17,99.88583333333334,98.90366666666667,1,0
2025-11-18,18,11,1,53,0.9904,1101.16,550.58,550.58,642.85,330.84,109.16,82.46,120.4,761.17,680.62,0.8942,558.58,1000.0,13.14,9.48,7.031,502.53,4.479,20.81,0,2025-11-18,99.64033333333333,98.98366666666668,3,0
2025-11-19,19,11,2,52,0.9918,1092.1,546.05,546.05,625.32,302.53,148.38,69.97,104.43,859.12,751.25,0.8744,552.22,1000.0,11.08,7.55,7.181,466.21,3.394,17.72,0,2025-11-19,99.76666666666667,99.027,1,0
2025-11-20,20,11,3,52,0.9931,1122.09,561.05,561.05,668.88,322.33,147.04,86.37,113.14,724.73,650.6,0.8977,584.2,1000.0,14.64,9.04,6.689,406.02,5.214,19.81,0,2025-11-20,99.8895,98.9085,0,0
2025-11-21,21,11,4,55,0.9945,1226.08,670.59,555.49,637.11,328.78,106.29,85.44,116.61,866.34,770.1,0.8889,555.49,1000.0,12.4,8.84,7.22,461.53,3.773,18.29,0,2025-11-21,99.61116666666668,98.065,2,0
2025-11-22,22,11,5,39,0.9959,713.23,356.61,356.61,496.11,215.62,102.82,88.96,88.71,610.06,554.21,0.9085,433.93,1000.0,8.7,7.06,7.185,305.23,4.777,19.05,0,2025-11-22,99.282,98.81366666666668,1,0
2025-11-23,23,11,6,48,0.9972,1020.98,510.49,510.49,625.23,305.58,136.55,90.6,92.5,807.39,691.12,0.856,560.48,1000.0,13.08,7.86,6.65,420.8,4.908,21.02,0,2025-11-23,99.52783333333333,98.644,1,0
2025-11-24,24,11,0,48,0.9986,1079.75,539.87,539.87,634.41,265.65,139.44,116.95,112.37,866.8,708.36,0.8172,554.15,1000.0,13.85,6.68,7.201,441.05,4.318,18.47,0,2025-11-24,99.75366666666666,98.717,0,0
2025-11-25,25,11,1,49,1.0,1028.35,514.17,514.17,668.88,287.93,196.76,72.11,112.08,753.45,668.68,0.8875,590.37,1000.0,12.99,7.29,6.961,262.45,5.317,20.36,0,2025-11-25,99.57766666666667,98.73133333333332,2,0
2025-11-26,26,11,2,54,1.0014,1157.2,614.53,542.67,754.33,328.98,213.13,96.17,116.05,662.64,579.68,0.8748,542.67,1000.0,11.91,9.46,7.363,458.08,3.433,21.47,0,2025-11-26,99.47466666666666,98.69133333333333,1,0
2025-11-27,27,11,3,56,1.0028,1123.16,561.58,561.58,655.66,319.46,108.56,94.47,133.17,743.93,680.73,0.915,562.44,1000.0,13.42,7.63,6.797,444.66,4.782,21.62,0,2025-11-27,99.71733333333333,99.332,3,0
2025-11-28,28,11,4,52,1.0041,1108.91,593.64,515.27,638.94,304.76,127.83,98.3,108.05,661.7,565.54,0.8547,515.27,1000.0,12.34,8.49,7.526,450.21,4.182,18.82,0,2025-11-28,99.76216666666666,98.96716666666667,1,0
2025-11-29,29,11,5,47,1.0055,923.76,461.88,461.88,576.62,253.36,105.69,92.95,124.62,779.38,701.97,0.9007,489.38,1000.0,12.3,7.8,7.224,406.89,4.477,20.9,0,2025-11-29,99.68283333333333,99.56883333333333,1,0
2025-11-30,30,11,6,49,1.0069,972.29,486.14,486.14,614.33,295.39,97.19,113.59,108.16,803.81,696.45,0.8664,536.71,1000.0,11.77,8.6,6.935,392.36,4.112,19.51,0,2025-11-30,99.52133333333335,98.83216666666668,1,0
2025-12-01,31,12,0,50,1.0082,1107.98,561.73,546.25,601.44,321.27,131.01,84.47,64.69,837.42,729.12,0.8707,546.25,1000.0,12.75,7.6,6.925,422.85,3.344,19.29,0,2025-12-01,99.67683333333333,98.53583333333334,1,0
2025-12-02,32,12,1,53,1.0096,1255.41,672.56,582.84,666.86,308.41,163.89,74.54,120.03,950.18,832.65,0.8763,582.84,1000.0,12.68,9.21,6.983,354.27,4.159,20.64,0,2025-12-02,99.73683333333334,98.87416666666667,0,0
2025-12-03,33,12,2,45,1.011,1001.03,528.01,473.01,616.92,289.11,138.16,94.18,95.46,583.48,510.41,0.8748,473.01,1000.0,9.55,6.33,6.723,405.99,3.82,22.21,0,2025-12-03,99.56666666666666,99.12133333333334,2,0
2025-12-04,34,12,3,51,1.0123,1107.6,553.8,553.8,631.78,325.58,129.26,74.85,102.08,760.91,682.02,0.8963,560.33,1000.0,11.63,9.08,6.812,417.03,5.001,19.82,0,2025-12-04,99.35216666666668,99.04283333333335,0,0
2025-12-05,35,12,4,51,1.0137,1038.69,519.34,519.34,721.93,310.47,183.92,111.2,116.34,819.4,717.38,0.8755,639.13,1000.0,14.54,9.85,7.385,429.29,4.01,20.42,0,2025-12-05,99.42750000000001,98.22216666666667,3,0
2025-12-06,36,12,5,46,1.0151,906.09,453.04,453.04,625.16,256.62,146.41,85.93,136.2,685.66,608.12,0.8869,524.71,1000.0,11.6,8.2,7.17,509.67,3.852,19.61,0,2025-12-06,99.59833333333334,98.97266666666667,3,0
2025-12-07,37,12,6,46,1.0164,922.11,461.05,461.05,662.94,288.69,137.74,112.41,124.1,722.86,610.98,0.8452,546.38,1000.0,12.57,7.68,7.006,506.54,5.174,20.26,0,2025-12-07,99.51133333333333,99.16699999999999,0,0
2025-12-08,38,12,0,52,1.0178,1293.04,664.7,628.34,707.05,320.39,186.47,87.75,112.44,936.41,814.98,0.8703,628.34,1000.0,14.32,9.71,6.866,428.56,4.55,22.67,0,2025-12-08,99.7495,99.1475,1,0
2025-12-09,39,12,1,47,1.0191,1165.66,670.07,495.59,557.64,263.81,132.56,72.63,88.64,685.41,604.88,0.8825,495.59,1000.0,10.9,7.81,6.946,307.98,4.461,21.37,0,2025-12-09,99.948,98.97233333333332,1,0
2025-12-10,40,12,2,51,1.0204,1210.13,653.81,556.32,644.52,291.07,144.23,83.22,126.01,806.0,689.28,0.8552,556.32,1000.0,12.8,9.07,6.861,485.1,4.259,21.07,0,2025-12-10,99.18966666666667,98.98083333333334,1,0
2025-12-11,41,12,3,51,1.0218,1080.93,540.46,540.46,699.28,315.57,164.03,115.7,103.97,868.08,768.7,0.8855,622.4,1000.0,14.19,9.49,7.048,513.37,3.903,21.3,0,2025-12-11,99.74383333333333,98.93766666666666,2,0
2025-12-12,42,12,4,53,1.0231,1052.22,526.11,526.11,708.61,319.74,155.38,105.16,128.33,852.43,737.13,0.8647,618.78,1000.0,14.47,8.42,6.647,484.42,5.3,20.67,0,2025-12-12,99.4635,98.85983333333333,2,0
2025-12-13,43,12,5,41,1.0244,790.92,395.46,395.46,512.29,280.58,60.73,82.81,88.18,566.08,505.14,0.8924,435.89,1000.0,8.81,5.67,7.098,443.12,3.348,20.76,0,2025-12-13,99.84133333333334,98.45549999999999,1,0
2025-12-14,44,12,6,47,1.0257,894.76,447.38,447.38,655.96,293.22,172.86,80.61,109.27,671.83,605.81,0.9017,556.91,1000.0,11.88,8.6,7.195,335.93,4.568,19.41,0,2025-12-14,99.68466666666666,98.68216666666666,0,0
2025-12-15,45,12,0,55,1.027,1179.13,589.57,589.57,697.82,309.53,171.35,93.55,123.38,789.12,689.29,0.8735,608.89,1000.0,12.6,10.17,7.182,297.36,6.196,19.83,0,2025-12-15,99.42083333333333,98.69850000000001,2,0
2025-12-16,46,12,1,53,1.0283,1167.6,585.44,582.16,668.91,335.53,131.78,77.67,123.93,901.78,760.48,0.8433,582.16,1000.0,13.64,8.68,6.71,372.76,4.696,23.42,0,2025-12-16,99.28949999999999,99.2715,4,0
2025-12-17,47,12,2,51,1.0296,1117.56,558.78,558.78,718.6,321.6,173.26,103.46,120.28,831.72,733.85,0.8823,634.4,1000.0,13.65,9.73,6.849,365.03,5.63,22.82,0,2025-12-17,99.807,99.05016666666667,2,0
2025-12-18,48,12,3,54,1.0309,1083.01,541.51,541.51,744.53,328.63,183.97,97.14,134.79,869.45,763.61,0.8783,650.18,1000.0,12.88,10.57,7.385,419.62,4.27,23.31,0,2025-12-18,99.69766666666668,98.82233333333333,3,0
2025-12-19,49,12,4,52,1.0321,1230.13,615.07,615.07,696.85,309.27,194.67,81.14,111.77,945.16,855.43,0.9051,618.61,1000.0,12.6,9.08,7.062,404.06,5.104,22.96,0,2025-12-19,99.7405,98.46933333333334,1,0
2025-12-20,50,12,5,42,1.0334,844.29,422.15,422.15,570.78,242.36,121.79,122.38,84.25,509.02,478.48,0.94,438.46,1000.0,9.79,6.38,7.428,405.14,3.748,19.97,0,2025-12-20,99.53616666666666,99.01066666666667,1,0
2025-12-21,51,12,6,49,1.0346,914.94,457.47,457.47,648.09,284.53,185.26,69.05,109.25,771.25,679.32,0.8808,571.61,1000.0,12.85,9.05,6.695,472.22,3.163,21.27,0,2025-12-21,99.56083333333333,99.25316666666667,1,0
2025-12-22,52,12,0,50,1.0359,1131.46,568.77,562.7,664.26,279.6,150.12,89.45,145.09,736.0,680.36,0.9244,562.7,1000.0,12.6,8.62,7.252,427.11,3.889,21.99,0,2025-12-22,99.77233333333334,98.39633333333335,2,0
2025-12-23,53,12,1,50,1.0371,1137.71,568.86,568.86,684.0,281.29,206.98,85.05,110.69,838.97,698.09,0.8321,606.52,1000.0,14.48,10.08,7.115,489.32,3.829,22.49,0,2025-12-23,99.83049999999999,98.67083333333333,1,0
2025-12-24,54,12,2,46,1.0383,998.11,499.05,499.05,635.13,269.54,177.44,97.08,91.08,692.6,593.33,0.8567,542.11,1000.0,10.86,9.01,7.182,475.89,4.437,22.28,0,2025-12-24,99.66866666666665,97.793,0,0
2025-12-25,55,12,3,53,1.0395,1137.89,568.94,568.94,689.59,336.86,148.51,93.27,110.96,923.7,815.51,0.8829,611.92,1000.0,14.25,9.37,6.893,495.02,5.509,22.7,0,2025-12-25,99.55149999999999,97.93650000000001,1,0
2025-12-26,56,12,4,50,1.0407,1094.28,547.14,547.14,683.57,288.77,170.86,98.23,125.71,786.81,699.28,0.8888,595.58,1000.0,12.96,9.3,7.149,408.7,5.459,23.49,0,2025-12-26,99.64766666666667,99.20483333333334,4,0
2025-12-27,57,12,5,41,1.0419,858.94,429.47,429.47,590.41,236.33,231.84,66.1,56.14,809.54,684.85,0.846,542.49,1000.0,11.35,8.1,6.917,400.54,4.133,20.64,0,2025-12-27,99.41250000000001,99.449,1,0
2025-12-28,58,12,6,48,1.043,962.16,481.08,481.08,643.28,260.47,160.97,119.36,102.48,818.44,726.07,0.8871,565.64,1000.0,12.17,8.38,7.35,361.7,3.626,21.87,0,2025-12-28,99.9285,99.40483333333333,1,0
2025-12-29,59,12,0,49,1.0442,1143.66,571.83,571.83,724.61,291.41,246.28,92.05,94.87,728.14,625.37,0.8589,580.95,1000.0,14.8,8.53,6.829,345.22,4.178,22.84,0,2025-12-29,99.1495,99.38233333333334,2,0
2025-12-30,60,12,1,50,1.0453,1199.27,599.64,599.64,706.96,301.16,200.52,94.9,110.38,754.55,657.99,0.872,603.28,1000.0,15.02,8.89,6.858,478.27,5.193,22.26,0,2025-12-30,99.661,99.31433333333332,3,0
2025-12-31,61,12,2,53,1.0465,1173.11,586.55,586.55,725.88,333.61,176.9,98.48,116.88,847.19,733.87,0.8662,644.06,1000.0,13.57,10.34,6.688,321.0,4.92,22.83,0,2025-12-31,99.35916666666667,98.51799999999999,1,0
2026-01-01,62,1,3,60,1.0476,1308.9,654.45,654.45,758.67,342.41,190.95,86.1,139.2,973.66,839.32,0.862,661.22,1000.0,15.56,10.01,6.887,384.98,5.129,23.55,0,2026-01-01,99.69716666666666,99.294,1,0
2026-01-02,63,1,4,54,1.0487,1266.11,633.06,633.06,722.07,351.79,156.19,101.41,112.67,802.37,728.5,0.9079,643.2,1000.0,13.27,9.88,7.271,408.38,3.82,23.9,0,2026-01-02,99.59416666666668,98.71499999999999,3,0
2026-01-03,64,1,5,50,1.0498,1036.1,518.05,518.05,606.78,303.48,131.34,81.34,90.62,751.71,637.38,0.8479,543.34,1000.0,12.61,7.72,7.003,396.28,3.374,22.4,0,2026-01-03,99.86083333333333,98.82549999999999,1,0
2026-01-04,65,1,6,48,1.0508,977.98,488.99,488.99,639.95,268.3,159.12,73.29,139.24,644.31,584.41,0.907,525.82,1000.0,12.1,8.03,7.174,446.41,4.943,22.05,0,2026-01-04,99.81150000000001,99.05066666666666,1,0
2026-01-05,66,1,0,51,1.0519,1077.17,538.58,538.58,705.67,322.03,199.02,75.25,109.37,863.56,763.38,0.884,629.12,1000.0,12.86,8.14,7.333,474.19,4.358,22.45,0,2026-01-05,99.78500000000001,98.99433333333333,3,0
2026-01-06,67,1,1,48,1.0529,998.01,499.01,499.01,657.37,254.16,227.39,94.75,81.05,769.32,682.23,0.8868,595.83,1000.0,13.65,9.17,7.067,388.88,5.115,22.78,0,2026-01-06,99.50866666666667,98.80416666666667,0,0
2026-01-07,68,1,2,56,1.054,1212.09,606.05,606.05,746.75,333.13,213.28,75.99,124.35,962.16,878.01,0.9125,659.7,1000.0,13.32,9.73,7.207,539.68,4.81,22.7,0,2026-01-07,99.77966666666667,99.03116666666666,2,0
2026-01-08,69,1,3,51,1.055,1072.53,536.26,536.26,747.6,310.43,223.79,110.38,103.0,960.79,851.35,0.8861,672.92,1000.0,16.57,10.31,7.451,400.79,3.89,24.87,0,2026-01-08,99.79133333333334,98.54983333333332,1,0
2026-01-09,70,1,4,47,1.056,1103.36,551.68,551.68,674.53,272.78,169.55,133.98,98.24,718.94,612.44,0.8519,552.9,1000.0,12.3,9.9,7.039,507.1,4.154,25.72,0,2026-01-09,99.711,99.27550000000001,1,0
2026-01-10,71,1,5,42,1.0569,909.7,454.85,454.85,657.63,263.51,232.24,56.74,105.13,650.63,562.26,0.8642,522.51,1000.0,12.58,8.77,6.753,501.78,4.325,23.08,0,2026-01-10,99.84683333333334,98.57099999999998,1,0
2026-01-11,72,1,6,45,1.0579,794.52,397.26,397.26,641.82,252.41,209.47,93.32,86.61,735.41,642.39,0.8735,578.84,1000.0,12.6,9.34,6.946,484.19,5.499,23.79,0,2026-01-11,99.43166666666667,97.83066666666667,0,0
2026-01-12,73,1,0,50,1.0588,1185.75,592.88,592.88,779.54,277.99,292.52,83.93,125.1,793.83,650.37,0.8193,600.84,1000.0,12.81,10.01,7.255,416.94,4.857,23.11,1,2026-01-12,99.73783333333334,98.5675,3,0
2026-01-13,74,1,1,50,1.0598,1129.38,564.69,564.69,682.42,257.64,192.22,101.19,131.38,748.61,658.7,0.8799,583.34,1000.0,13.53,9.44,7.41,392.78,4.722,23.23,0,2026-01-13,99.83616666666667,99.036,0,0
2026-01-14,75,1,2,52,1.0607,1207.66,603.83,603.83,767.84,294.83,247.21,96.54,129.26,978.12,834.96,0.8536,677.36,1000.0,15.55,10.31,6.828,540.07,4.35,22.28,0,2026-01-14,99.7075,98.45949999999999,2,0
2026-01-15,76,1,3,56,1.0616,1322.03,661.02,661.02,757.83,313.85,235.6,85.83,122.55,968.78,832.99,0.8598,672.05,1000.0,16.05,10.36,7.2,452.72,3.365,23.57,0,2026-01-15,99.91583333333334,98.76266666666668,3,0
2026-01-16,77,1,4,50,1.0624,1183.69,591.84,591.84,675.13,261.97,215.9,87.93,109.33,921.71,790.6,0.8578,598.6,1000.0,12.12,9.15,7.175,403.36,5.182,23.26,0,2026-01-16,99.84433333333334,98.98883333333333,0,0
2026-01-17,78,1,5,47,1.0633,1026.77,513.38,513.38,594.97,255.84,160.84,86.38,91.91,789.16,698.59,0.8852,530.63,1000.0,12.01,7.02,6.842,331.59,4.495,23.79,0,2026-01-17,99.68433333333333,99.06733333333334,2,0
2026-01-18,79,1,6,47,1.0641,946.29,473.14,473.14,683.9,263.34,217.64,94.23,108.69,710.13,620.04,0.8731,571.37,1000.0,13.62,9.37,6.705,472.64,5.17,25.18,0,2026-01-18,99.70716666666668,98.3155,1,0
2026-01-19,80,1,0,50,1.0649,1165.54,582.77,582.77,833.86,304.85,320.84,94.35,113.82,764.77,698.4,0.9132,646.06,1000.0,14.21,9.58,6.945,319.27,5.25,20.68,0,2026-01-19,99.68666666666667,98.3565,1,0
2026-01-20,81,1,1,54,1.0657,1206.28,603.14,603.14,715.52,347.56,192.14,75.55,100.27,800.01,702.75,0.8784,641.5,1000.0,14.2,10.61,7.282,383.73,5.237,23.24,0,2026-01-20,99.54950000000001,98.856,2,0
2026-01-21,82,1,2,48,1.0665,1123.33,561.67,561.67,666.13,279.35,230.55,56.77,99.46,854.39,785.74,0.9196,596.51,1000.0,12.31,9.46,7.397,515.65,4.469,24.95,0,2026-01-21,99.67616666666667,98.78716666666666,1,0
2026-01-22,83,1,3,50,1.0672,1164.39,582.2,582.2,731.14,310.77,266.04,61.18,93.15,880.78,773.29,0.878,662.15,1000.0,14.84,8.85,6.682,432.23,4.467,24.43,0,2026-01-22,99.83266666666667,98.47816666666667,0,0
2026-01-23,84,1,4,50,1.068,1184.03,592.01,592.01,668.09,313.01,177.87,69.68,107.53,785.57,704.35,0.8966,592.82,1000.0,13.71,8.56,7.505,423.74,3.14,22.58,0,2026-01-23,99.42283333333334,99.17233333333333,0,0
2026-01-24,85,1,5,46,1.0687,913.92,456.96,456.96,671.14,296.25,174.16,86.77,113.96,639.37,581.11,0.9089,542.36,1000.0,12.43,8.7,7.186,344.56,5.042,26.61,0,2026-01-24,99.77733333333333,98.74066666666666,4,0
2026-01-25,86,1,6,40,1.0694,712.03,356.01,356.01,709.54,224.94,267.76,100.46,116.38,569.08,504.42,0.8864,467.24,1000.0,10.1,6.17,6.988,455.22,5.002,25.57,0,2026-01-25,99.83800000000001,99.24766666666666,0,0
2026-01-26,87,1,0,54,1.0701,1274.32,637.16,637.16,728.76,330.43,201.6,76.45,120.27,891.88,774.31,0.8682,644.57,1000.0,14.71,9.37,6.802,456.46,5.469,23.63,0,2026-01-26,99.67083333333333,99.18866666666668,1,0
2026-01-27,88,1,1,51,1.0707,1235.21,617.61,617.61,750.12,321.77,261.74,75.32,91.3,801.39,690.22,0.8613,641.22,1000.0,14.4,10.35,6.76,313.98,4.976,24.37,0,2026-01-27,99.75850000000001,99.12283333333333,3,0
2026-01-28,89,1,2,53,1.0714,1315.32,811.0,504.32,743.68,332.15,210.31,83.16,118.06,621.47,538.71,0.8668,504.32,1000.0,11.43,8.15,6.92,556.36,4.991,24.22,0,2026-01-28,99.407,98.24433333333333,3,0
2026-01-29,90,1,3,53,1.072,1154.19,577.09,577.09,802.51,324.8,248.47,85.62,143.63,861.72,783.4,0.9091,696.24,1000.0,14.92,11.48,7.096,344.75,3.704,23.83,0,2026-01-29,99.71616666666667,99.39666666666666,1,0
2026-01-30,91,1,4,49,1.0726,1133.84,566.92,566.92,778.6,311.91,255.98,120.71,90.0,763.49,640.53,0.839,596.83,1000.0,12.29,8.59,7.003,400.07,5.254,24.63,0,2026-01-30,99.37866666666667,98.99783333333333,1,0
2026-01-31,92,1,5,46,1.0731,849.8,424.9,424.9,774.62,270.73,288.76,92.23,122.91,722.12,623.68,0.8637,576.74,1000.0,12.12,8.17,6.816,269.84,5.049,25.61,0,2026-01-31,98.03250000000001,98.57249999999999,4,0
2026-02-01,93,2,6,43,1.0737,823.05,411.53,411.53,715.58,245.41,242.7,114.19,113.28,751.61,654.71,0.8711,596.4,1000.0,11.71,8.98,7.018,425.09,3.197,23.87,0,2026-02-01,99.82133333333333,98.42983333333332,0,0
2026-02-02,94,2,0,51,1.0742,1166.42,583.21,583.21,730.11,274.12,248.32,104.36,103.31,820.36,709.51,0.8649,644.03,1000.0,14.21,10.41,6.863,422.04,4.977,25.96,0,2026-02-02,99.76533333333333,99.01333333333334,1,0
2026-02-03,95,2,1,52,1.0747,1142.13,571.07,571.07,751.37,335.63,207.3,94.77,113.68,888.64,750.72,0.8448,671.6,1000.0,14.4,10.87,6.852,521.26,5.384,24.5,0,2026-02-03,99.77550000000001,98.831,3,0
2026-02-04,96,2,2,51,1.0752,1158.32,579.16,579.16,787.99,317.77,268.16,87.07,115.0,905.74,808.16,0.8923,707.49,1000.0,15.54,10.87,7.132,394.68,4.884,24.55,0,2026-02-04,99.86883333333333,98.54983333333332,2,0
2026-02-05,97,2,3,51,1.0756,1148.24,574.12,574.12,776.42,307.85,286.4,83.07,99.09,901.04,783.64,0.8697,707.05,1000.0,14.52,10.44,7.669,472.35,6.972,24.53,0,2026-02-05,99.81116666666667,99.13683333333334,3,0
2026-02-06,98,2,4,51,1.0761,1107.7,553.85,553.85,719.57,310.16,249.39,71.13,88.89,995.51,901.7,0.9058,657.35,1000.0,15.03,10.25,7.134,444.88,3.782,25.85,0,2026-02-06,99.57733333333333,98.78466666666667,2,0
2026-02-07,99,2,5,49,1.0765,968.26,484.13,484.13,728.62,290.59,247.04,87.69,103.31,799.42,720.73,0.9016,653.94,1000.0,15.25,10.12,6.805,376.94,6.836,25.68,0,2026-02-07,98.33583333333333,97.81349999999999,3,0
2026-02-08,100,2,6,41,1.0769,874.08,437.04,437.04,683.8,257.4,257.51,73.6,95.3,682.76,608.1,0.8906,561.46,1000.0,12.92,8.56,7.126,457.52,4.285,25.54,0,2026-02-08,99.52916666666665,99.085,2,0
2026-02-09,101,2,0,53,1.0773,1156.95,578.48,578.48,829.58,321.63,295.68,95.96,116.31,974.26,863.63,0.8864,748.16,1000.0,15.75,10.73,6.906,433.88,5.052,23.77,0,2026-02-09,99.587,99.40683333333334,3,0
2026-02-10,102,2,1,51,1.0776,1119.56,559.78,559.78,722.14,296.8,234.2,69.7,121.45,816.24,681.09,0.8344,624.81,1000.0,13.76,9.58,6.722,560.71,5.866,24.88,0,2026-02-10,99.39716666666668,99.6445,0,0
2026-02-11,103,2,2,52,1.0779,1156.85,578.42,578.42,770.51,299.47,232.17,114.08,124.8,831.99,711.21,0.8548,648.36,1000.0,16.08,10.3,6.861,394.67,3.576,28.2,0,2026-02-11,99.82083333333333,98.67966666666666,1,0
2026-02-12,104,2,3,55,1.0782,1377.54,688.77,688.77,808.28,334.41,259.44,98.66,115.77,879.26,758.79,0.863,701.06,1000.0,14.47,10.67,7.027,399.97,3.711,25.96,0,2026-02-12,99.74116666666667,98.77533333333334,0,0
2026-02-13,105,2,4,52,1.0785,1177.09,588.55,588.55,773.62,313.12,278.67,78.32,103.52,883.39,791.0,0.8954,701.16,1000.0,15.39,9.75,6.951,402.17,2.298,23.93,0,2026-02-13,99.584,99.19749999999999,1,0
2026-02-14,106,2,5,46,1.0788,982.66,491.33,491.33,709.99,253.39,229.35,115.08,112.17,740.35,644.29,0.8703,587.75,1000.0,12.95,9.11,7.024,376.44,2.882,24.88,0,2026-02-14,98.24616666666667,98.92983333333332,1,0
2026-02-15,107,2,6,44,1.079,920.7,460.35,460.35,758.1,264.54,299.51,109.81,84.24,825.64,709.17,0.8589,650.04,1000.0,14.44,9.95,6.767,362.63,4.34,25.5,0,2026-02-15,99.4755,98.78416666666668,3,0
2026-02-16,108,2,0,52,1.0792,1204.06,602.03,602.03,736.75,295.41,203.96,100.2,137.19,811.84,705.56,0.8691,631.36,1000.0,13.99,8.58,6.782,350.15,4.915,24.37,0,2026-02-16,99.51916666666666,99.028,1,0
2026-02-17,109,2,1,52,1.0794,1213.67,606.83,606.83,733.98,292.49,216.28,95.38,129.84,868.91,759.06,0.8736,643.09,1000.0,13.71,9.89,7.045,379.74,4.906,27.1,0,2026-02-17,99.74116666666667,98.93233333333335,1,0
2026-02-18,110,2,2,49,1.0795,1045.17,522.58,522.58,809.1,336.02,272.77,79.62,120.69,640.09,569.05,0.889,532.72,1000.0,10.94,8.1,7.032,394.16,4.711,27.48,0,2026-02-18,99.76733333333334,99.32716666666666,3,0
2026-02-19,111,2,3,47,1.0797,1107.55,553.77,553.77,668.91,288.66,226.64,58.54,95.06,927.43,856.07,0.9231,602.37,1000.0,13.68,9.24,7.117,429.36,5.789,25.61,0,2026-02-19,99.6445,98.82633333333332,3,0
2026-02-20,112,2,4,49,1.0798,1081.25,540.63,540.63,721.94,272.78,245.89,82.41,120.85,810.16,712.26,0.8792,634.44,1000.0,14.86,9.08,7.245,441.72,4.43,26.82,0,2026-02-20,99.7275,99.07600000000001,2,0
2026-02-21,113,2,5,46,1.0799,942.32,471.16,471.16,677.18,230.44,255.33,90.82,100.59,814.86,677.62,0.8316,606.77,1000.0,11.95,9.15,6.854,477.14,5.221,27.08,0,2026-02-21,98.20366666666666,98.10233333333333,2,0
2026-02-22,114,2,6,51,1.0799,1047.14,523.57,523.57,771.63,256.72,283.0,121.26,110.65,856.11,793.19,0.9265,690.46,1000.0,14.88,9.99,7.007,450.55,5.025,27.41,0,2026-02-22,99.795,99.30499999999999,2,0
2026-02-23,115,2,0,56,1.08,1265.47,632.74,632.74,796.45,318.58,261.5,81.97,134.4,948.97,823.84,0.8681,702.37,1000.0,15.3,9.85,6.838,425.24,5.477,26.56,0,2026-02-23,99.76533333333333,98.77999999999999,1,0
2026-02-24,116,2,1,52,1.08,1240.88,620.44,620.44,736.71,284.66,253.69,98.18,100.19,890.47,780.88,0.8769,666.58,1000.0,13.63,9.77,6.843,354.96,3.874,25.06,0,2026-02-24,99.762,99.10699999999999,0,0
2026-02-25,117,2,2,53,1.08,1251.56,625.78,625.78,795.16,323.15,260.58,99.78,111.65,963.44,843.79,0.8758,717.01,1000.0,14.85,10.31,6.89,365.79,4.781,23.83,0,2026-02-25,99.79266666666666,98.90416666666665,0,0
2026-02-26,118,2,3,55,1.08,1272.38,636.19,636.19,817.91,361.78,231.17,100.9,124.06,895.28,801.99,0.8958,726.29,1000.0,15.49,11.34,7.058,418.99,5.207,26.26,0,2026-02-26,99.7885,98.43683333333333,2,0
2026-02-27,119,2,4,48,1.0799,1160.44,580.22,580.22,770.86,288.2,275.72,95.87,111.07,876.25,782.55,0.8931,693.11,1000.0,15.21,11.12,7.233,336.81,4.367,25.25,0,2026-02-27,99.54433333333333,98.832,3,0
2026-02-28,120,2,5,41,1.0798,894.24,447.12,447.12,741.59,255.03,287.1,80.3,119.16,643.99,557.32,0.8654,517.12,1000.0,10.37,7.53,7.478,409.8,4.67,26.21,0,2026-02-28,98.38900000000001,98.63799999999999,3,0
2026-03-01,121,3,6,44,1.0797,849.4,424.7,424.7,719.85,259.52,288.39,76.16,95.78,827.35,672.42,0.8127,615.9,1000.0,13.85,10.39,6.969,401.36,5.42,26.07,1,2026-03-01,99.76066666666667,98.3215,2,0
2026-03-02,122,3,0,45,1.0796,1063.43,531.71,531.71,758.58,291.59,288.5,81.45,97.04,808.57,710.72,0.879,654.97,1000.0,15.14,10.02,7.429,371.88,5.063,25.61,0,2026-03-02,99.90249999999999,98.69366666666667,3,0
2026-03-03,123,3,1,49,1.0795,1166.11,583.05,583.05,708.56,261.8,245.54,89.41,111.81,758.75,660.99,0.8712,607.21,1000.0,13.0,9.07,6.747,369.76,4.032,24.84,0,2026-03-03,99.6635,99.15483333333333,2,0
2026-03-04,124,3,2,46,1.0793,1068.57,534.29,534.29,823.62,266.9,336.37,109.35,111.01,852.99,740.81,0.8685,677.78,1000.0,15.92,10.22,7.11,301.31,4.526,24.3,0,2026-03-04,99.55716666666666,98.63333333333333,1,0
2026-03-05,125,3,3,59,1.0791,1379.27,689.63,689.63,820.74,358.6,252.16,71.41,138.57,954.3,826.83,0.8664,723.74,1000.0,16.16,12.2,7.191,408.49,2.891,25.97,0,2026-03-05,99.36933333333333,98.09016666666666,1,0
2026-03-06,126,3,4,54,1.0789,1273.86,636.93,636.93,885.71,348.11,317.99,96.24,123.38,983.47,915.27,0.9307,799.35,1000.0,17.97,12.34,6.93,452.97,6.567,26.41,0,2026-03-06,99.71883333333334,98.69783333333334,3,0
2026-03-07,127,3,5,47,1.0786,985.65,492.83,492.83,765.13,272.37,263.41,118.6,110.75,779.62,656.68,0.8423,605.57,1000.0,14.33,9.56,7.015,430.65,3.864,27.36,0,2026-03-07,98.26066666666667,98.2195,3,0
2026-03-08,128,3,6,49,1.0784,961.03,480.52,480.52,686.33,270.15,218.42,100.08,97.67,812.58,739.31,0.9098,617.12,1000.0,13.46,9.07,7.456,483.49,3.49,26.87,0,2026-03-08,99.92199999999998,99.03166666666668,1,0
2026-03-09,129,3,0,52,1.0781,1176.99,588.5,588.5,854.27,316.49,331.76,87.51,118.51,886.34,754.19,0.8509,695.97,1000.0,15.51,11.52,6.793,422.76,2.955,24.14,0,2026-03-09,99.91533333333332,98.33566666666667,3,0
2026-03-10,130,3,1,49,1.0778,1196.56,598.28,598.28,757.01,282.78,279.56,69.42,125.24,831.2,733.38,0.8823,662.11,1000.0,13.85,9.9,7.56,414.06,2.329,26.05,0,2026-03-10,99.78016666666667,99.24833333333333,2,0
2026-03-11,131,3,2,47,1.0774,1039.58,519.79,519.79,796.44,295.77,321.62,92.21,86.85,733.02,674.86,0.9207,624.44,1000.0,13.91,9.49,6.832,410.8,3.414,27.62,0,2026-03-11,99.61266666666667,98.99933333333333,3,0
2026-03-12,132,3,3,56,1.0771,1265.8,632.9,632.9,814.67,317.26,276.57,93.62,127.23,964.82,824.12,0.8542,725.61,1000.0,15.55,11.07,7.004,403.65,3.21,25.23,0,2026-03-12,99.69783333333334,99.3845,2,0
2026-03-13,133,3,4,50,1.0767,1167.88,583.94,583.94,774.12,274.59,257.92,116.79,124.83,788.54,675.1,0.8561,621.84,1000.0,13.98,9.86,7.032,406.26,3.77,26.35,0,2026-03-13,99.73,99.57350000000001,0,0
2026-03-14,134,3,5,48,1.0763,927.37,463.69,463.69,713.45,285.56,248.34,80.7,98.86,855.77,742.65,0.8678,644.25,1000.0,14.99,9.75,6.935,464.13,5.621,25.48,0,2026-03-14,99.71183333333333,99.19383333333333,1,0
2026-03-15,135,3,6,43,1.0759,783.79,391.89,391.89,662.08,289.13,212.01,78.84,82.1,655.15,560.57,0.8556,524.47,1000.0,12.56,7.89,6.754,274.45,4.152,26.23,0,2026-03-15,99.613,99.2555,2,0
2026-03-16,136,3,0,52,1.0754,1228.06,614.03,614.03,895.59,330.34,346.16,108.78,110.3,773.2,690.94,0.8936,642.98,1000.0,14.49,10.03,6.598,400.23,6.647,25.97,0,2026-03-16,99.69416666666666,99.52933333333334,2,0
2026-03-17,137,3,1,48,1.075,1217.03,608.52,608.52,706.72,277.52,251.63,88.43,89.14,843.04,746.46,0.8854,644.33,1000.0,14.47,10.48,7.137,324.72,5.847,24.68,0,2026-03-17,99.64550000000001,98.69933333333334,1,0
2026-03-18,138,3,2,53,1.0745,1187.89,593.94,593.94,830.18,309.1,306.32,106.77,107.99,959.87,840.24,0.8754,754.59,1000.0,16.99,11.72,7.073,410.14,5.114,24.46,0,2026-03-18,99.548,98.577,1,0
2026-03-19,139,3,3,56,1.0739,1292.21,646.11,646.11,858.08,338.89,282.84,95.28,141.08,833.45,738.08,0.8856,684.98,1000.0,14.78,9.54,7.152,417.3,5.686,25.44,0,2026-03-19,99.69716666666666,98.447,3,0
2026-03-20,140,3,4,51,1.0734,1128.73,564.37,564.37,747.98,295.41,252.35,75.11,125.12,816.81,767.8,0.94,660.4,1000.0,14.57,10.56,7.229,482.1,3.778,26.66,0,2026-03-20,99.65633333333334,99.37416666666667,1,0
2026-03-21,141,3,5,43,1.0728,886.32,443.16,443.16,748.73,246.65,285.11,102.94,114.03,685.2,603.58,0.8809,556.11,1000.0,11.41,7.82,6.806,323.04,5.947,24.02,0,2026-03-21,99.724,98.94966666666666,0,0
2026-03-22,142,3,6,43,1.0723,1019.92,509.96,509.96,748.22,281.7,276.44,80.8,109.28,667.86,605.57,0.9067,562.5,1000.0,12.72,8.15,6.847,455.57,5.664,26.01,0,2026-03-22,99.76333333333334,99.05383333333333,1,0
2026-03-23,143,3,0,54,1.0717,1172.68,586.34,586.34,840.29,319.37,280.24,105.23,135.44,866.09,767.32,0.886,707.75,1000.0,14.63,10.65,7.168,438.54,4.78,28.65,0,2026-03-23,99.42,99.34216666666667,2,0
2026-03-24,144,3,1,52,1.071,1210.21,605.11,605.11,822.02,323.47,284.94,95.07,118.54,927.84,787.71,0.849,724.96,1000.0,15.66,12.18,7.314,499.36,5.406,26.34,0,2026-03-24,99.74766666666666,98.84916666666668,1,0
2026-03-25,145,3,2,51,1.0704,1118.24,559.12,559.12,734.31,256.02,299.32,69.76,109.21,919.86,796.78,0.8662,655.91,1000.0,13.46,9.77,6.94,460.29,4.179,25.9,0,2026-03-25,99.52516666666666,99.17816666666666,2,0
2026-03-26,146,3,3,48,1.0697,1083.59,563.66,519.93,724.84,274.72,257.69,82.33,110.11,717.13,557.54,0.7775,519.93,997.3,12.01,6.84,6.886,357.22,4.823,28.24,1,2026-03-26,99.88883333333332,98.38600000000001,1,0
2026-03-27,147,3,4,50,1.0691,1212.4,616.92,595.49,862.73,311.89,331.7,104.18,114.96,742.87,638.99,0.8602,595.49,997.3,12.17,9.11,7.119,325.5,3.565,26.0,0,2026-03-27,99.50483333333334,99.03433333333334,3,0
2026-03-28,148,3,5,45,1.0683,765.72,382.86,382.86,735.24,293.62,264.79,79.98,96.85,779.79,690.2,0.8851,637.45,1000.0,14.86,10.82,7.274,423.49,4.172,24.37,0,2026-03-28,99.8415,99.17233333333333,1,0
2026-03-29,149,3,6,47,1.0676,795.95,397.98,397.98,665.02,287.25,184.55,91.74,101.49,728.27,646.21,0.8873,585.16,1000.0,13.83,8.18,6.995,441.21,4.986,26.16,0,2026-03-29,99.77983333333333,99.277,3,0
2026-03-30,150,3,0,54,1.0669,1100.93,550.46,550.46,754.41,301.51,256.46,78.26,118.18,900.1,784.96,0.8721,671.69,1000.0,14.77,9.94,6.955,350.3,5.722,25.19,0,2026-03-30,99.89516666666667,98.9935,2,0
2026-03-31,151,3,1,53,1.0661,1249.9,633.84,616.05,805.32,318.91,283.88,73.95,128.59,751.91,661.64,0.8799,616.05,1000.0,14.91,9.69,7.154,500.82,5.559,28.44,0,2026-03-31,99.79266666666666,99.35816666666666,1,0
2026-04-01,152,4,2,52,1.0653,1173.42,586.71,586.71,796.51,330.81,269.73,71.72,124.24,766.52,681.83,0.8895,635.14,1000.0,14.11,9.25,6.881,495.99,5.505,25.92,0,2026-04-01,99.73649999999999,99.0195,2,0
2026-04-02,153,4,3,49,1.0645,1248.37,636.76,611.61,780.54,269.37,289.36,93.82,127.99,747.6,664.12,0.8883,611.61,1000.0,14.38,9.14,7.29,465.18,4.566,24.9,0,2026-04-02,99.86233333333332,98.59750000000001,0,0
2026-04-03,154,4,4,45,1.0637,987.76,493.88,493.88,691.31,263.51,231.29,91.37,105.14,826.61,729.11,0.882,617.72,1000.0,13.86,9.97,6.703,331.79,4.988,25.12,0,2026-04-03,99.60083333333334,98.99016666666667,3,0
2026-04-04,155,4,5,48,1.0629,937.49,468.74,468.74,750.95,313.74,258.3,92.07,86.84,733.34,643.98,0.8781,600.06,1000.0,12.59,9.22,6.904,460.67,5.819,26.41,0,2026-04-04,99.66250000000001,98.915,2,0
2026-04-05,156,4,6,47,1.062,1011.68,505.84,505.84,748.72,305.02,257.74,90.94,95.02,814.51,703.94,0.8642,650.89,1000.0,14.49,10.98,7.015,487.65,4.109,25.19,0,2026-04-05,99.64716666666668,99.29633333333334,1,0
2026-04-06,157,4,0,55,1.0611,1200.62,600.31,600.31,785.65,290.17,291.04,94.35,110.09,880.69,755.31,0.8576,693.45,1000.0,14.62,10.61,7.334,473.44,3.988,24.57,0,2026-04-06,99.5475,98.27833333333332,3,0
2026-04-07,158,4,1,51,1.0602,1150.27,575.14,575.14,709.56,290.72,226.41,95.42,97.02,878.04,752.58,0.8571,641.65,1000.0,15.25,11.04,7.071,415.25,4.683,27.25,0,2026-04-07,99.67283333333334,99.07100000000001,1,0
2026-04-08,159,4,2,53,1.0593,1214.49,607.25,607.25,738.87,303.18,218.29,87.25,130.15,949.32,873.22,0.9198,647.76,1000.0,13.81,10.48,7.149,479.72,4.186,23.03,0,2026-04-08,99.72916666666667,98.58049999999999,2,0
2026-04-09,160,4,3,57,1.0584,1289.2,644.6,644.6,832.39,379.42,243.88,79.21,129.88,858.18,715.71,0.834,670.02,1000.0,14.55,10.1,7.025,351.52,3.593,24.66,0,2026-04-09,99.5185,99.05133333333333,2,0
2026-04-10,161,4,4,55,1.0574,1125.67,562.83,562.83,812.33,342.5,265.35,63.16,141.32,1085.34,902.7,0.8317,713.41,1000.0,16.54,11.83,7.558,441.5,5.145,23.67,0,2026-04-10,99.76166666666666,98.90466666666667,1,0
2026-04-11,162,4,5,44,1.0564,883.0,441.5,441.5,694.41,268.11,264.74,97.84,63.71,762.41,641.36,0.8412,591.71,1000.0,11.78,9.27,7.177,384.4,4.968,26.45,0,2026-04-11,99.48266666666666,99.04133333333334,3,0
2026-04-12,163,4,6,43,1.0555,873.87,436.93,436.93,668.4,245.76,255.69,94.62,72.33,803.36,731.53,0.9106,609.97,1000.0,12.96,8.96,6.879,406.11,3.284,26.33,0,2026-04-12,99.38816666666666,99.26783333333333,2,0
2026-04-13,164,4,0,48,1.0545,1138.01,569.0,569.0,743.58,286.37,284.23,73.99,98.99,810.63,692.17,0.8539,636.02,1000.0,15.2,9.42,6.844,471.39,5.612,24.51,0,2026-04-13,99.37333333333333,98.30416666666667,1,0
2026-04-14,165,4,1,45,1.0534,965.22,553.99,411.23,792.31,280.88,311.1,102.56,97.77,513.26,439.27,0.8558,411.23,1000.0,9.95,5.7,7.175,492.28,3.376,26.72,0,2026-04-14,99.86866666666667,99.24966666666667,2,0
2026-04-15,166,4,2,53,1.0524,1300.43,650.21,650.21,794.97,327.76,273.26,84.79,109.16,836.43,726.91,0.8691,673.82,1000.0,14.72,10.62,7.042,474.26,2.716,24.23,0,2026-04-15,99.45833333333333,98.80166666666666,5,0
2026-04-16,167,4,3,50,1.0514,1173.16,586.58,586.58,818.2,349.39,226.29,99.51,143.01,813.45,718.23,0.8829,668.34,1000.0,15.09,9.88,7.064,456.7,3.93,24.69,0,2026-04-16,99.89550000000001,98.98416666666667,3,0
2026-04-17,168,4,4,53,1.0503,1083.0,541.5,541.5,797.67,359.59,281.14,46.61,110.32,902.04,784.31,0.8695,703.96,1000.0,15.59,10.27,7.297,382.28,4.938,24.55,0,2026-04-17,99.37883333333333,98.43116666666667,1,0
2026-04-18,169,4,5,44,1.0492,905.52,452.76,452.76,675.68,254.49,244.63,91.21,85.34,831.28,698.25,0.84,613.88,1000.0,11.94,8.74,7.175,393.05,3.384,21.44,0,2026-04-18,99.77283333333332,99.00099999999999,0,0
2026-04-19,170,4,6,49,1.0481,953.72,476.86,476.86,697.21,306.78,213.16,85.4,91.88,722.33,635.17,0.8793,591.49,1000.0,12.96,8.42,6.949,500.41,4.116,26.44,0,2026-04-19,99.48266666666666,99.05583333333334,0,0
2026-04-20,171,4,0,50,1.047,1214.31,607.16,607.16,708.61,321.92,204.46,70.98,111.24,925.67,805.0,0.8696,630.74,1000.0,12.37,10.11,6.981,466.87,4.161,23.83,0,2026-04-20,99.58966666666667,98.80166666666666,1,0
2026-04-21,172,4,1,48,1.0459,1119.01,559.51,559.51,664.32,282.17,198.89,82.63,100.64,794.79,708.73,0.8917,593.87,1000.0,13.73,9.15,6.875,458.25,5.504,25.34,0,2026-04-21,100.0,98.88783333333333,2,0
2026-04-22,173,4,2,52,1.0448,1097.83,548.92,548.92,697.58,288.64,214.14,99.67,95.12,835.32,759.37,0.9091,629.4,1000.0,14.17,10.01,6.84,403.6,4.965,25.01,0,2026-04-22,99.9015,98.4325,2,0
2026-04-23,174,4,3,56,1.0436,1393.75,740.88,652.88,725.47,331.13,186.93,106.59,100.83,1103.05,983.33,0.8915,652.88,1000.0,14.09,10.51,6.837,429.19,5.458,26.54,0,2026-04-23,99.95216666666666,98.90916666666668,3,0
2026-04-24,175,4,4,47,1.0425,1049.33,524.66,524.66,771.44,311.47,267.8,101.92,90.24,684.71,619.54,0.9048,578.56,998.9,13.26,8.91,6.936,484.64,3.864,25.55,0,2026-04-24,99.78083333333332,99.25366666666666,2,0
2026-04-25,176,4,5,41,1.0413,769.01,384.51,384.51,628.13,234.99,221.69,61.58,109.88,761.54,685.85,0.9006,551.21,998.9,10.95,8.59,6.955,412.18,5.717,23.19,0,2026-04-25,99.58666666666666,98.55416666666667,1,0
2026-04-26,177,4,6,42,1.0401,781.62,390.81,390.81,669.08,256.0,231.01,93.77,88.3,781.98,660.1,0.8441,599.52,1000.0,14.01,9.24,6.806,570.24,5.684,24.21,0,2026-04-26,99.72949999999999,98.93900000000001,0,0
2026-04-27,178,4,0,50,1.0389,1142.18,571.09,571.09,739.12,305.82,224.89,81.5,126.91,785.96,713.68,0.908,642.65,1000.0,15.27,9.52,6.778,430.01,6.754,23.2,0,2026-04-27,99.539,99.0655,2,0
2026-04-28,179,4,1,51,1.0377,1201.34,600.67,600.67,732.44,323.54,200.24,98.61,110.04,724.33,651.91,0.9,607.07,1000.0,12.99,9.16,6.906,456.67,5.097,25.54,0,2026-04-28,99.61333333333333,99.33316666666667,1,0
2026-04-29,180,4,2,53,1.0365,1195.94,597.97,597.97,721.18,338.52,189.55,93.96,99.15,836.9,730.1,0.8724,651.78,1000.0,14.89,10.17,6.957,426.62,4.091,23.41,0,2026-04-29,99.64050000000002,99.09266666666667,2,0
2026-04-30,181,4,3,53,1.0352,1189.93,594.97,594.97,773.95,310.79,215.85,113.14,134.18,856.96,724.73,0.8457,655.4,1000.0,13.38,10.1,7.029,279.46,3.111,24.7,0,2026-04-30,99.68583333333333,99.246,2,0
2026-05-01,182,5,4,47,1.034,996.12,498.06,498.06,612.13,260.13,202.58,64.7,84.72,818.75,706.39,0.8628,552.83,1000.0,12.92,7.95,6.784,439.96,5.147,25.38,0,2026-05-01,99.64716666666668,99.214,2,0
2026-05-02,183,5,5,45,1.0327,921.87,460.93,460.93,767.6,288.09,292.12,97.54,89.85,713.01,647.37,0.9079,599.59,1000.0,13.06,8.87,7.473,494.15,4.655,25.07,0,2026-05-02,98.043,98.7605,2,0
2026-05-03,184,5,6,42,1.0315,768.17,384.09,384.09,620.4,265.56,191.1,87.26,76.47,602.11,538.03,0.8936,501.79,1000.0,11.08,7.28,6.92,447.57,3.689,25.68,0,2026-05-03,99.70916666666666,98.67566666666666,2,0
2026-05-04,185,5,0,49,1.0302,1108.21,554.11,554.11,692.59,256.13,239.67,95.22,101.56,902.33,810.76,0.8985,621.5,1000.0,15.0,9.65,6.852,440.39,4.412,23.4,0,2026-05-04,99.75916666666667,98.77866666666667,3,0
2026-05-05,186,5,1,50,1.0289,1136.09,568.05,568.05,746.35,270.65,256.37,119.97,99.36,866.22,758.02,0.8751,669.59,1000.0,14.55,9.33,7.387,410.87,5.394,23.9,0,2026-05-05,99.81400000000001,98.784,0,0
2026-05-06,187,5,2,52,1.0276,1175.62,587.81,587.81,800.85,339.41,239.83,94.34,127.26,850.13,752.18,0.8848,691.65,1000.0,14.48,10.85,7.058,335.26,4.712,23.89,0,2026-05-06,99.64583333333333,98.99683333333333,1,0
2026-05-07,188,5,3,48,1.0264,1164.23,582.11,582.11,734.16,291.12,248.68,86.64,107.71,792.2,684.55,0.8641,632.23,1000.0,14.89,9.62,7.192,439.01,5.45,24.3,0,2026-05-07,99.80883333333333,98.81866666666667,0,0
2026-05-08,189,5,4,49,1.025,1144.67,595.02,549.65,626.48,304.57,117.79,94.36,109.77,774.22,688.89,0.8898,549.65,1000.0,11.64,7.25,7.496,376.34,3.999,23.99,0,2026-05-08,99.452,99.23666666666666,0,0
2026-05-09,190,5,5,41,1.0237,770.56,385.28,385.28,596.13,258.89,164.85,77.46,94.93,710.72,619.91,0.8722,529.68,1000.0,11.14,8.92,7.133,401.08,3.801,24.07,0,2026-05-09,99.76016666666668,98.48349999999999,1,0
2026-05-10,191,5,6,43,1.0224,761.67,380.83,380.83,589.63,245.55,172.51,87.39,84.18,702.92,589.16,0.8382,529.27,1000.0,12.38,7.71,6.815,472.9,5.602,24.44,0,2026-05-10,99.47500000000001,99.67233333333333,1,0
2026-05-11,192,5,0,52,1.0211,1210.18,605.09,605.09,693.49,298.37,189.05,81.83,124.25,819.36,701.3,0.8559,606.52,1000.0,13.41,9.21,6.726,426.79,4.99,25.32,0,2026-05-11,99.53866666666666,99.12733333333334,3,0
2026-05-12,193,5,1,46,1.0198,988.47,494.23,494.23,675.34,249.4,272.82,63.48,89.65,704.96,632.75,0.8976,575.21,1000.0,13.04,9.05,7.259,472.19,4.49,24.59,0,2026-05-12,99.64299999999999,98.52516666666666,4,0
2026-05-13,194,5,2,51,1.0184,1064.24,532.12,532.12,709.31,282.96,193.22,119.0,114.13,833.12,742.88,0.8917,627.71,1000.0,14.54,9.96,7.186,429.22,5.747,23.35,0,2026-05-13,99.88666666666666,98.81866666666667,4,0
2026-05-14,195,5,3,49,1.0171,1145.18,572.59,572.59,749.98,316.55,241.56,90.52,101.34,769.6,689.36,0.8957,639.78,1000.0,14.54,8.86,7.094,376.84,4.293,22.72,0,2026-05-14,99.3245,99.33916666666666,1,0
2026-05-15,196,5,4,51,1.0157,1134.6,567.3,567.3,681.81,340.19,163.86,88.08,89.69,797.52,719.72,0.9024,619.03,1000.0,13.94,8.31,7.319,393.56,3.712,23.87,0,2026-05-15,99.56666666666666,98.51283333333333,2,0
2026-05-16,197,5,5,45,1.0144,769.01,384.5,384.5,679.26,292.48,190.6,83.78,112.4,663.39,581.58,0.8767,543.13,1000.0,11.66,8.29,7.248,511.73,2.573,22.88,0,2026-05-16,97.9705,98.56683333333335,2,0
2026-05-17,198,5,6,42,1.013,856.54,428.27,428.27,632.45,236.83,219.7,89.99,85.92,763.79,668.98,0.8759,570.88,1000.0,12.76,8.67,6.765,482.24,3.024,23.82,0,2026-05-17,99.73983333333332,98.59633333333333,1,0
2026-05-18,199,5,0,45,1.0117,997.86,498.93,498.93,641.4,291.28,153.67,103.8,92.65,743.74,637.89,0.8577,570.36,1000.0,13.22,8.42,7.193,483.63,4.507,23.24,0,2026-05-18,99.3805,98.57416666666666,1,0
2026-05-19,200,5,1,55,1.0103,1198.93,599.47,599.47,789.82,327.62,227.96,106.2,128.04,817.75,699.8,0.8558,649.32,1000.0,13.94,10.18,6.964,361.66,5.152,22.08,0,2026-05-19,99.257,98.269,0,0
2026-05-20,201,5,2,49,1.0089,1118.81,559.41,559.41,637.7,288.59,183.63,70.3,95.2,792.6,668.69,0.8437,571.07,1000.0,12.26,8.14,6.926,517.7,5.118,22.85,0,2026-05-20,99.43416666666667,99.29333333333334,3,0
2026-05-21,202,5,3,55,1.0076,1125.43,562.72,562.72,739.85,356.6,142.69,104.44,136.12,876.14,736.76,0.8409,643.64,1000.0,13.56,9.51,6.917,424.85,3.428,22.73,0,2026-05-21,99.3775,99.07383333333333,1,0
2026-05-22,203,5,4,50,1.0062,1120.04,560.02,560.02,700.83,336.52,157.34,85.04,121.93,751.62,657.51,0.8748,600.23,1000.0,14.75,9.16,6.863,465.92,6.074,23.66,0,2026-05-22,99.50083333333333,98.11500000000001,3,0
2026-05-23,204,5,5,41,1.0048,803.09,401.55,401.55,699.45,245.24,252.67,101.1,100.45,534.25,473.24,0.8858,442.91,1000.0,10.87,6.66,6.905,422.43,5.528,23.18,0,2026-05-23,99.21716666666667,98.21916666666668,2,0
2026-05-24,205,5,6,46,1.0034,850.43,425.22,425.22,652.22,261.54,196.92,84.47,109.28,658.8,577.6,0.8767,535.56,998.94,11.95,8.16,7.382,347.98,3.398,22.96,0,2026-05-24,99.64800000000001,98.76833333333333,1,0
2026-05-25,206,5,0,49,1.0021,1059.14,529.57,529.57,609.9,291.4,135.45,90.04,93.01,742.38,657.51,0.8857,544.79,998.94,11.8,8.49,7.064,420.93,5.977,23.24,0,2026-05-25,99.1915,98.43333333333334,2,0
2026-05-26,207,5,1,51,1.0007,1164.01,582.0,582.0,683.22,299.68,171.09,85.16,127.3,857.2,759.14,0.8856,594.11,1000.0,13.82,10.08,7.009,401.67,4.206,23.41,0,2026-05-26,99.53416666666665,98.808,3,0
2026-05-27,208,5,2,52,0.9993,1122.46,589.36,533.11,602.43,251.9,167.96,88.7,93.87,678.79,594.09,0.8752,533.11,1000.0,11.77,8.16,7.366,526.34,5.554,20.6,0,2026-05-27,99.32983333333334,99.47416666666668,1,0
2026-05-28,209,5,3,54,0.9979,1124.72,562.36,562.36,758.44,359.12,157.71,107.79,133.82,774.55,695.23,0.8976,632.79,1000.0,14.54,9.7,7.357,440.82,3.877,21.36,0,2026-05-28,99.38316666666667,97.69266666666665,1,0
2026-05-29,210,5,4,52,0.9966,1123.45,561.73,561.73,672.14,299.59,137.47,104.06,131.03,878.7,793.36,0.9029,580.42,1000.0,13.49,8.82,7.121,503.05,3.193,20.47,0,2026-05-29,99.48733333333332,98.288,2,0
2026-05-30,211,5,5,43,0.9952,752.98,376.49,376.49,590.76,254.83,135.74,79.93,120.26,702.46,561.5,0.7993,497.79,1000.0,10.2,8.35,6.646,422.74,3.038,24.84,0,2026-05-30,98.03033333333333,98.52266666666667,2,0
2026-05-31,212,5,6,42,0.9938,741.45,370.72,370.72,599.08,264.19,150.53,110.54,73.82,671.62,578.56,0.8614,521.21,1000.0,11.53,6.81,6.771,394.08,3.713,22.93,0,2026-05-31,99.30233333333332,98.59483333333333,4,0
2026-06-01,213,6,0,50,0.9924,1089.8,544.9,544.9,678.34,317.99,153.11,105.66,101.58,786.68,686.27,0.8724,605.81,1000.0,12.59,9.02,7.033,395.61,4.838,21.16,0,2026-06-01,99.5655,98.3395,2,0
2026-06-02,214,6,1,46,0.9911,907.06,477.4,429.66,597.35,276.38,120.44,122.11,78.42,503.22,465.76,0.9255,429.66,1000.0,9.66,7.06,6.994,374.66,5.714,22.28,0,2026-06-02,99.39333333333333,97.76366666666667,2,0
2026-06-03,215,6,2,55,0.9897,1162.6,581.3,581.3,733.42,347.77,161.91,112.72,111.01,801.03,739.26,0.9229,655.11,1000.0,14.66,10.24,6.891,405.83,2.55,23.13,0,2026-06-03,99.19883333333333,98.43516666666666,4,0
2026-06-04,216,6,3,46,0.9883,889.55,444.78,444.78,642.75,273.65,155.05,114.96,99.08,678.89,568.38,0.8372,519.49,1000.0,10.72,7.53,6.532,402.91,4.474,21.05,0,2026-06-04,99.21116666666667,98.32350000000001,1,0
2026-06-05,217,6,4,54,0.987,1053.0,526.5,526.5,680.7,332.27,144.47,75.49,128.48,891.9,804.4,0.9019,590.77,1000.0,12.31,8.66,6.777,389.04,5.39,20.67,0,2026-06-05,99.19316666666667,98.32733333333334,3,0
2026-06-06,218,6,5,48,0.9856,717.05,358.53,358.53,570.32,262.95,124.64,76.43,106.3,694.85,566.8,0.8157,494.86,1000.0,10.44,7.86,6.826,527.72,4.216,21.31,0,2026-06-06,99.45083333333334,97.63066666666667,4,0
2026-06-07,219,6,6,44,0.9843,787.86,393.93,393.93,544.26,212.75,122.21,101.17,108.13,583.8,468.7,0.8029,421.89,1000.0,9.93,6.43,6.915,452.35,4.888,20.55,1,2026-06-07,98.9815,97.504,2,0
2026-06-08,220,6,0,47,0.9829,1052.1,526.05,526.05,745.95,314.11,212.87,107.11,111.86,911.01,775.85,0.8516,667.65,1000.0,15.62,9.8,7.0,447.78,5.7,20.72,0,2026-06-08,99.13883333333332,98.63900000000001,3,0
2026-06-09,221,6,1,53,0.9816,1124.86,588.0,536.86,624.61,331.57,134.46,40.0,118.58,806.07,709.7,0.8804,536.86,1000.0,10.97,8.07,6.792,358.85,5.123,20.65,0,2026-06-09,98.91816666666666,98.35699999999999,2,0
2026-06-10,222,6,2,53,0.9802,1094.96,547.48,547.48,664.87,340.07,77.77,93.1,153.93,886.97,793.45,0.8946,557.12,1000.0,13.04,7.37,7.201,465.29,6.213,22.1,0,2026-06-10,99.38483333333333,99.0895,3,0
2026-06-11,223,6,3,48,0.9789,1057.04,528.52,528.52,678.83,299.33,167.75,112.7,99.05,725.31,652.83,0.9001,587.81,1000.0,12.38,8.58,7.332,315.72,5.161,19.61,0,2026-06-11,99.1185,98.58583333333333,2,0
2026-06-12,224,6,4,48,0.9776,1113.8,584.67,529.13,605.64,283.7,103.33,111.69,106.91,782.56,716.94,0.9162,529.13,1000.0,10.67,7.41,6.856,406.48,4.645,21.18,0,2026-06-12,99.063,97.67450000000001,0,0
2026-06-13,225,6,5,45,0.9763,845.75,422.87,422.87,519.64,251.61,92.42,96.86,78.75,655.91,564.48,0.8606,458.18,1000.0,10.82,7.43,6.967,412.19,5.025,22.54,0,2026-06-13,97.50366666666667,97.83866666666667,2,0
2026-06-14,226,6,6,44,0.975,791.09,395.54,395.54,518.49,225.68,126.78,96.95,69.09,744.96,646.96,0.8684,460.38,1000.0,10.86,6.8,7.307,386.63,4.195,20.47,0,2026-06-14,99.03583333333334,98.18816666666667,3,0
2026-06-15,227,6,0,57,0.9736,1227.72,613.86,613.86,768.78,343.53,195.2,102.95,127.1,877.26,751.92,0.8571,674.75,1000.0,13.93,9.86,7.033,385.19,3.686,22.6,0,2026-06-15,99.09233333333333,97.93416666666667,4,0
2026-06-16,228,6,1,50,0.9724,1113.08,643.81,469.28,535.28,280.6,79.71,82.93,92.04,703.11,649.25,0.9234,469.28,1000.0,10.56,6.98,6.962,445.32,5.284,21.04,0,2026-06-16,99.14550000000001,98.24900000000001,1,0
2026-06-17,229,6,2,54,0.9711,1084.59,542.3,542.3,643.84,311.15,108.87,80.1,143.72,821.39,691.83,0.8423,543.23,1000.0,12.21,8.93,7.632,489.44,2.774,19.5,0,2026-06-17,98.6515,97.598,4,0
2026-06-18,230,6,3,59,0.9698,1236.44,631.36,605.08,704.89,357.45,111.91,92.95,142.58,904.12,787.65,0.8712,605.08,1000.0,13.37,9.81,7.3,448.42,6.869,19.99,0,2026-06-18,98.6185,98.39466666666668,6,0
2026-06-19,231,6,4,50,0.9685,1090.31,545.15,545.15,655.97,303.71,133.47,97.57,121.23,842.65,757.65,0.8991,571.11,1000.0,12.32,9.44,6.963,384.43,5.787,18.74,0,2026-06-19,99.22066666666666,98.08083333333333,4,0
2026-06-20,232,6,5,46,0.9673,899.23,449.61,449.61,561.01,294.2,66.79,96.37,103.64,773.05,667.91,0.864,486.72,1000.0,9.63,7.3,6.661,483.1,4.111,20.42,0,2026-06-20,99.01466666666666,98.27633333333334,5,0
2026-06-21,233,6,6,43,0.966,760.53,380.27,380.27,571.29,246.41,151.24,77.56,96.09,593.03,526.61,0.888,481.47,1000.0,10.14,7.7,7.373,382.81,5.27,20.14,0,2026-06-21,99.01133333333333,97.64466666666668,4,0
2026-06-22,234,6,0,48,0.9648,1009.05,504.52,504.52,628.24,297.9,137.65,74.28,118.42,667.41,591.95,0.8869,534.47,1000.0,12.12,9.05,6.99,393.33,4.844,20.51,0,2026-06-22,99.18366666666667,97.23700000000001,5,0
2026-06-23,235,6,1,49,0.9635,1118.83,559.41,559.41,705.69,310.43,186.66,89.91,118.69,701.19,646.44,0.9219,594.17,1000.0,12.81,8.99,7.013,370.35,3.868,20.12,0,2026-06-23,99.07283333333334,97.74883333333332,3,0
2026-06-24,236,6,2,53,0.9623,1167.34,681.48,485.87,706.31,321.57,183.38,88.09,113.27,617.98,519.0,0.8398,485.87,1000.0,10.35,8.19,6.842,366.61,4.406,23.12,0,2026-06-24,98.52816666666666,97.5455,1,0
2026-06-25,237,6,3,49,0.9611,1060.25,530.13,530.13,681.41,323.74,135.64,126.16,95.88,808.07,726.9,0.8995,603.7,1000.0,14.2,9.63,7.124,343.83,3.421,22.84,0,2026-06-25,98.83583333333333,97.28766666666667,3,0
2026-06-26,238,6,4,45,0.9599,976.49,488.24,488.24,663.66,298.45,163.72,98.96,102.54,638.71,580.62,0.909,539.16,1000.0,11.66,7.35,6.77,412.93,4.007,20.9,0,2026-06-26,98.90166666666666,97.35733333333333,2,0
2026-06-27,239,6,5,48,0.9587,886.24,443.12,443.12,666.64,303.43,148.86,110.06,104.29,729.48,682.19,0.9352,591.61,1000.0,12.74,10.25,7.028,318.26,4.942,19.06,0,2026-06-27,97.59433333333334,97.03983333333333,3,0
2026-06-28,240,6,6,43,0.9575,827.41,413.7,413.7,515.53,278.58,54.5,90.14,92.3,627.95,543.36,0.8653,443.56,1000.0,9.81,6.37,7.316,533.44,3.832,19.25,0,2026-06-28,99.04483333333333,97.55066666666666,3,0
2026-06-29,241,6,0,54,0.9564,1238.74,680.58,558.16,705.82,352.18,141.7,101.21,110.73,694.82,611.25,0.8797,558.16,1000.0,11.84,8.81,6.829,458.98,4.203,18.91,0,2026-06-29,98.71233333333333,97.47466666666666,3,0
2026-06-30,242,6,1,47,0.9552,910.8,484.29,426.51,504.57,280.51,50.35,80.34,93.38,761.0,576.24,0.7572,426.51,1000.0,8.77,6.92,6.864,430.64,3.434,20.21,1,2026-06-30,98.699,97.15466666666667,4,0
2026-07-01,243,7,2,50,0.9541,1039.17,542.7,496.46,568.43,293.26,107.34,65.03,102.81,664.05,579.87,0.8732,496.46,1000.0,10.3,8.46,7.48,539.64,4.145,17.71,0,2026-07-01,98.75483333333334,97.402,2,0
2026-07-02,244,7,3,53,0.953,1096.57,548.28,548.28,688.05,320.78,147.88,92.58,126.81,702.08,626.2,0.8919,571.06,1000.0,13.02,9.21,7.418,331.36,4.474,21.41,0,2026-07-02,98.75916666666666,97.41966666666667,3,0
2026-07-03,245,7,4,52,0.9519,1170.58,625.54,545.04,646.02,297.83,84.78,119.17,144.25,836.72,719.55,0.86,545.04,1000.0,12.62,7.9,7.069,461.17,4.477,21.43,0,2026-07-03,98.86283333333334,97.62450000000001,4,0
2026-07-04,246,7,5,44,0.9508,768.28,384.14,384.14,553.44,266.66,133.97,84.84,67.97,657.9,591.38,0.8989,499.95,1000.0,11.99,8.51,7.033,374.16,4.679,19.8,0,2026-07-04,98.79683333333332,97.188,4,0
2026-07-05,247,7,6,40,0.9497,729.94,364.97,364.97,574.47,241.77,149.03,112.97,70.71,504.21,453.63,0.8997,424.67,1000.0,9.96,7.18,7.351,437.04,4.695,18.61,0,2026-07-05,98.73349999999999,97.69016666666666,5,0
2026-07-06,248,7,0,54,0.9486,1151.89,597.46,554.43,662.62,327.16,138.32,84.62,112.52,700.25,608.19,0.8685,554.43,1000.0,12.31,9.03,6.76,341.95,5.01,18.98,0,2026-07-06,98.49116666666667,96.85183333333333,3,0
2026-07-07,249,7,1,51,0.9476,1081.86,540.93,540.93,715.92,309.48,175.42,85.26,145.76,832.45,720.67,0.8657,613.89,1000.0,13.91,8.29,6.792,484.37,5.531,19.27,0,2026-07-07,98.4225,97.39633333333335,6,0
2026-07-08,250,7,2,45,0.9466,860.88,430.44,430.44,628.55,291.11,150.95,90.54,95.95,713.03,614.85,0.8623,554.38,1000.0,12.19,9.03,7.188,415.72,5.468,19.64,0,2026-07-08,98.65066666666667,97.23466666666667,4,0
2026-07-09,251,7,3,50,0.9455,988.91,494.46,494.46,618.13,289.23,130.06,97.22,101.61,703.73,636.65,0.9047,547.0,1000.0,12.43,8.43,7.096,415.97,4.188,20.13,0,2026-07-09,98.71433333333333,97.22250000000001,7,0
2026-07-10,252,7,4,51,0.9445,951.61,475.81,475.81,593.75,317.17,86.2,84.06,106.32,682.52,599.68,0.8786,513.43,1000.0,11.01,8.37,7.29,429.94,3.083,15.98,0,2026-07-10,98.44733333333333,97.0655,4,0
2026-07-11,253,7,5,41,0.9436,708.2,354.1,354.1,636.71,250.75,167.08,110.83,108.05,633.12,573.62,0.906,519.09,1000.0,12.79,7.07,6.792,412.08,4.626,19.86,0,2026-07-11,97.37950000000001,96.48583333333333,5,0
2026-07-12,254,7,6,41,0.9426,696.44,348.22,348.22,524.55,247.86,109.41,81.98,85.29,667.02,595.81,0.8932,464.85,1000.0,10.01,7.1,7.058,442.25,4.317,15.95,0,2026-07-12,98.38566666666667,97.31349999999999,4,0
2026-07-13,255,7,0,51,0.9416,1067.93,533.97,533.97,658.84,300.98,151.37,99.37,107.13,763.01,660.61,0.8658,583.85,1000.0,12.82,10.08,7.077,399.22,4.646,18.15,0,2026-07-13,98.822,98.00166666666667,7,0
2026-07-14,256,7,1,53,0.9407,1070.84,535.42,535.42,635.84,325.8,97.49,101.59,110.96,727.82,683.26,0.9388,558.17,1000.0,12.74,8.01,7.015,467.53,4.58,19.01,0,2026-07-14,98.39133333333332,96.92066666666666,4,0
2026-07-15,257,7,2,48,0.9398,964.62,482.31,482.31,718.86,317.63,199.18,104.14,97.91,765.87,687.24,0.8973,627.59,1000.0,13.78,9.34,7.065,448.62,5.983,17.92,0,2026-07-15,98.50983333333333,96.55516666666666,3,0
2026-07-16,258,7,3,50,0.9389,972.53,486.27,486.27,577.18,264.35,113.79,95.75,103.29,641.94,563.47,0.8778,498.61,1000.0,11.37,7.62,7.092,486.14,5.337,18.23,0,2026-07-16,97.90899999999999,96.52833333333332,5,0
2026-07-17,259,7,4,54,0.938,1058.62,529.31,529.31,657.09,325.26,144.22,92.0,95.61,734.29,642.98,0.8757,582.26,1000.0,11.87,8.67,7.029,378.49,3.95,19.41,0,2026-07-17,98.37833333333333,97.12816666666667,7,0
2026-07-18,260,7,5,43,0.9371,674.08,337.04,337.04,549.44,276.07,119.06,102.23,52.08,748.6,652.63,0.8718,495.43,1000.0,9.28,8.08,7.294,418.2,6.083,17.87,0,2026-07-18,98.478,96.67716666666666,5,0
2026-07-19,261,7,6,46,0.9363,853.37,426.69,426.69,539.07,254.93,121.71,84.07,78.36,625.33,556.81,0.8904,482.22,1000.0,11.85,7.77,6.876,358.91,3.725,17.03,0,2026-07-19,97.76966666666665,97.11616666666667,4,0
2026-07-20,262,7,0,54,0.9355,1030.47,518.22,512.26,591.46,299.48,98.7,80.13,113.15,981.11,841.77,0.858,512.26,1000.0,11.99,7.77,7.053,331.01,6.126,16.35,0,2026-07-20,98.06,96.85066666666667,6,0
2026-07-21,263,7,1,46,0.9347,896.17,448.09,448.09,580.79,274.67,131.99,92.34,81.79,766.64,685.35,0.894,519.84,1000.0,11.5,7.99,7.395,401.14,4.163,19.89,0,2026-07-21,98.05149999999999,97.03683333333333,6,0
2026-07-22,264,7,2,50,0.9339,1008.99,504.5,504.5,631.48,328.51,123.01,77.5,102.45,854.59,702.01,0.8215,559.66,1000.0,12.53,8.46,7.382,518.7,5.026,19.04,0,2026-07-22,97.90983333333334,96.58733333333333,4,0
2026-07-23,265,7,3,47,0.9331,1007.44,558.35,449.09,588.92,287.37,107.84,90.04,103.67,585.01,494.41,0.8451,449.09,1000.0,8.0,6.79,6.917,396.55,4.042,17.39,0,2026-07-23,97.97233333333334,97.45483333333334,5,0
2026-07-24,266,7,4,48,0.9324,901.85,450.92,450.92,647.65,298.58,117.17,117.73,114.17,732.19,635.51,0.868,558.59,1000.0,11.35,8.58,6.855,509.39,5.277,15.69,0,2026-07-24,98.1755,97.16133333333333,5,0
2026-07-25,267,7,5,46,0.9317,667.39,333.7,333.7,583.0,277.22,117.86,78.57,109.35,644.11,604.23,0.9381,506.45,1000.0,10.88,7.82,7.365,423.8,4.079,18.69,0,2026-07-25,98.08083333333333,97.11233333333332,7,0
2026-07-26,268,7,6,42,0.9309,699.04,349.52,349.52,552.34,277.77,89.94,98.56,86.06,737.19,648.93,0.8803,487.72,1000.0,9.99,8.71,7.174,351.29,6.28,16.43,0,2026-07-26,97.79683333333332,96.75866666666667,3,0
2026-07-27,269,7,0,51,0.9303,997.42,498.71,498.71,593.86,311.43,58.99,98.2,125.24,697.93,587.47,0.8417,500.11,1000.0,11.56,8.05,7.126,331.3,4.157,18.86,0,2026-07-27,97.9335,96.97466666666666,4,0
2026-07-28,270,7,1,54,0.9296,1079.01,539.51,539.51,633.67,348.51,72.15,103.34,109.67,808.39,727.56,0.9,543.6,1000.0,11.58,8.26,7.305,404.29,3.805,15.89,0,2026-07-28,97.70716666666668,96.39216666666665,3,0
2026-07-29,271,7,2,44,0.929,901.83,450.92,450.92,622.91,280.92,150.42,84.01,107.55,623.63,531.23,0.8518,494.63,999.27,11.56,7.41,7.41,473.7,3.435,17.11,0,2026-07-29,98.033,96.3315,3,0
2026-07-30,272,7,3,52,0.9283,1022.46,511.23,511.23,619.14,313.17,106.81,93.95,105.21,770.1,686.18,0.891,545.49,999.27,11.51,9.08,6.971,273.65,4.054,16.24,0,2026-07-30,98.07033333333334,96.461,7,0
2026-07-31,273,7,4,51,0.9277,1005.49,502.75,502.75,612.06,326.07,71.28,115.9,98.81,784.43,711.22,0.9067,534.18,1000.0,11.07,8.99,7.316,401.29,4.192,18.24,0,2026-07-31,97.78066666666666,96.45416666666667,3,0
2026-08-01,274,8,5,48,0.9272,869.44,434.72,434.72,687.78,315.43,184.96,94.01,93.38,716.31,609.9,0.8515,570.74,1000.0,12.61,7.5,7.177,501.26,4.56,17.57,0,2026-08-01,96.22699999999999,96.20383333333332,3,0
2026-08-02,275,8,6,42,0.9266,650.0,325.0,325.0,512.77,239.19,100.45,103.22,69.92,522.61,451.16,0.8633,410.52,1000.0,9.58,6.69,7.466,434.4,5.193,16.97,0,2026-08-02,97.46116666666667,95.79866666666668,6,0
2026-08-03,276,8,0,54,0.9261,1142.65,608.92,533.72,612.33,286.82,171.87,41.34,112.3,799.11,716.51,0.8966,533.72,1000.0,12.91,8.89,7.01,439.63,5.18,17.04,0,2026-08-03,97.718,97.00183333333332,4,0
2026-08-04,277,8,1,53,0.9255,1051.04,525.52,525.52,677.78,321.71,132.42,119.86,103.78,690.9,635.44,0.9197,571.99,1000.0,12.88,7.93,7.039,513.73,3.118,18.07,0,2026-08-04,97.3825,96.82533333333333,5,0
2026-08-05,278,8,2,55,0.925,1076.57,538.28,538.28,662.26,305.0,147.82,76.38,133.05,763.56,663.48,0.8689,569.12,1000.0,13.4,8.6,6.739,443.55,5.065,16.26,0,2026-08-05,97.86116666666668,97.19583333333333,2,0
2026-08-06,279,8,3,51,0.9246,983.41,491.7,491.7,588.57,276.69,87.29,102.6,121.99,713.95,657.86,0.9214,503.18,1000.0,10.61,7.24,6.875,445.2,4.212,16.34,0,2026-08-06,98.084,95.86516666666667,8,0
2026-08-07,280,8,4,52,0.9241,1095.76,614.71,481.05,651.37,302.04,156.76,92.13,100.44,593.15,513.86,0.8663,481.05,1000.0,10.66,7.74,6.913,427.61,6.204,18.27,0,2026-08-07,97.72466666666666,96.31733333333334,9,0
2026-08-08,281,8,5,40,0.9237,650.0,325.0,325.0,505.0,236.67,129.16,63.85,75.33,576.31,512.48,0.8892,452.27,1000.0,10.85,7.09,7.098,415.34,4.518,17.82,0,2026-08-08,97.57916666666667,96.49733333333334,6,0
2026-08-09,282,8,6,51,0.9233,846.26,423.13,423.13,618.89,347.68,100.19,67.66,103.35,629.82,548.45,0.8708,481.67,1000.0,10.81,7.54,7.142,349.97,5.877,14.56,0,2026-08-09,97.75816666666667,97.122,8,0
2026-08-10,283,8,0,49,0.9229,1002.95,501.47,501.47,661.47,314.15,145.27,79.63,122.41,696.02,613.76,0.8818,559.74,1000.0,13.38,8.65,7.099,361.58,6.39,18.88,0,2026-08-10,97.71233333333333,95.87283333333333,7,0
2026-08-11,284,8,1,51,0.9226,926.88,463.44,463.44,635.07,301.93,147.76,74.99,110.4,811.35,710.46,0.8757,557.79,1000.0,13.58,7.77,7.056,433.41,5.247,16.73,0,2026-08-11,97.4755,95.92783333333334,7,0
2026-08-12,285,8,2,54,0.9222,1125.95,562.97,562.97,677.01,340.1,115.79,88.45,132.67,827.64,697.96,0.8433,584.14,1000.0,13.18,9.61,7.158,434.61,4.158,16.91,0,2026-08-12,97.6715,95.605,6,0
2026-08-13,286,8,3,50,0.9219,946.87,473.43,473.43,605.83,271.2,122.77,98.25,113.6,776.52,711.28,0.916,526.3,1000.0,11.15,7.92,7.127,431.54,3.006,17.5,0,2026-08-13,97.459,96.44283333333334,5,0
2026-08-14,287,8,4,55,0.9216,1138.34,569.17,569.17,711.8,327.82,162.88,96.01,125.09,861.64,797.51,0.9256,624.24,1000.0,13.41,9.58,6.812,394.31,4.933,16.92,0,2026-08-14,97.445,95.45133333333332,4,0
2026-08-15,288,8,5,44,0.9214,818.25,409.13,409.13,552.47,224.33,121.48,112.73,93.93,558.37,483.81,0.8665,435.51,1000.0,10.02,7.56,7.15,338.09,4.676,16.92,0,2026-08-15,97.3275,95.36933333333333,6,0
2026-08-16,289,8,6,44,0.9211,759.37,379.68,379.68,609.55,243.49,166.47,107.8,91.79,695.04,651.25,0.937,539.7,1000.0,11.61,8.36,7.697,438.73,6.565,18.42,0,2026-08-16,97.36716666666666,95.62,7,0
2026-08-17,290,8,0,50,0.9209,977.66,488.83,488.83,625.91,337.53,83.61,93.93,110.84,695.45,623.28,0.8962,538.13,1000.0,11.19,9.21,6.807,351.18,4.236,17.55,0,2026-08-17,97.2495,96.05,9,0
2026-08-18,291,8,1,51,0.9207,1009.62,504.81,504.81,602.57,343.79,69.42,90.38,98.99,786.53,730.17,0.9283,511.96,1000.0,11.64,8.23,7.185,328.08,3.697,16.18,0,2026-08-18,97.14466666666665,95.16266666666667,7,0
2026-08-19,292,8,2,54,0.9205,1100.08,550.47,549.61,641.7,309.91,132.71,87.25,111.83,784.79,607.22,0.7737,549.61,1000.0,12.27,8.48,6.818,385.71,2.713,17.49,1,2026-08-19,97.46633333333334,95.41449999999999,7,0
2026-08-20,293,8,3,46,0.9204,962.57,481.28,481.28,615.22,286.24,118.1,84.27,126.6,663.66,543.16,0.8184,493.24,1000.0,11.79,7.05,7.273,471.8,3.998,16.98,0,2026-08-20,97.41316666666667,94.721,5,0
2026-08-21,294,8,4,50,0.9203,989.25,494.63,494.63,636.08,328.6,118.01,54.77,134.7,771.56,663.05,0.8594,541.79,1000.0,12.32,8.31,7.143,447.73,4.129,18.32,0,2026-08-21,97.20983333333334,95.86,10,0
2026-08-22,295,8,5,45,0.9202,723.43,361.71,361.71,529.96,279.37,93.93,56.42,100.23,689.53,572.26,0.8299,457.14,1000.0,9.75,8.23,6.629,453.04,3.878,15.27,0,2026-08-22,96.12599999999999,94.94233333333334,8,0
2026-08-23,296,8,6,40,0.9201,732.2,366.1,366.1,527.62,233.39,98.3,107.9,88.03,585.1,501.37,0.8569,441.98,1000.0,9.31,7.8,7.409,402.61,3.654,15.7,0,2026-08-23,97.17883333333333,96.1925,5,0
2026-08-24,297,8,0,55,0.92,1131.9,620.86,511.04,595.71,307.23,75.57,91.95,120.96,736.02,661.89,0.8993,511.04,1000.0,10.1,6.21,6.574,493.88,3.579,15.65,0,2026-08-24,97.20083333333334,95.78233333333333,4,0
2026-08-25,298,8,1,52,0.92,1045.42,522.71,522.71,691.38,336.78,135.46,95.51,123.63,747.68,671.78,0.8985,598.96,1000.0,13.73,8.76,7.019,458.78,6.319,14.41,0,2026-08-25,96.70483333333334,95.801,4,0
2026-08-26,299,8,2,48,0.92,927.53,463.77,463.77,650.96,310.73,138.23,83.09,118.91,586.77,509.31,0.868,472.13,1000.0,11.29,6.73,6.439,473.62,6.45,16.14,0,2026-08-26,97.0845,95.90716666666667,5,0
2026-08-27,300,8,3,53,0.92,1104.26,554.11,550.16,701.84,309.65,148.62,119.7,123.89,689.96,599.64,0.8691,550.16,1000.0,11.01,7.88,6.742,378.68,3.222,16.13,0,2026-08-27,96.8675,94.34133333333334,7,0
2026-08-28,301,8,4,52,0.9201,952.83,476.42,476.42,614.22,308.04,113.26,82.77,110.16,634.77,539.37,0.8497,488.4,1000.0,10.78,7.91,6.611,407.61,3.757,15.38,0,2026-08-28,96.84683333333334,96.41816666666666,5,0
2026-08-29,302,8,5,43,0.9201,852.76,426.38,426.38,631.74,289.86,180.56,73.25,88.06,563.3,528.91,0.9389,495.14,996.97,10.81,7.21,7.116,448.05,4.527,15.53,0,2026-08-29,96.66066666666667,95.1065,7,0
2026-08-30,303,8,6,46,0.9202,726.94,363.47,363.47,620.43,271.06,145.36,92.95,111.06,574.7,518.72,0.9026,482.45,990.28,9.59,7.21,7.108,404.47,4.495,14.4,0,2026-08-30,96.86983333333332,95.75883333333333,12,0
2026-08-31,304,8,0,56,0.9203,1085.83,542.91,542.91,634.33,329.55,91.55,85.74,127.49,829.3,693.7,0.8365,545.08,993.3,12.98,8.38,7.051,256.99,6.352,16.37,0,2026-08-31,96.54166666666667,95.18516666666666,6,0
2026-09-01,305,9,1,47,0.9205,891.09,445.55,445.55,606.8,265.56,130.99,96.17,114.08,680.15,603.46,0.8872,525.94,1000.0,11.14,7.52,7.049,506.83,4.1,15.08,0,2026-09-01,96.9575,94.55583333333334,6,0
2026-09-02,306,9,2,52,0.9206,1096.42,548.21,548.21,712.01,353.93,169.3,91.76,97.03,961.96,864.72,0.8989,644.09,1000.0,16.46,10.76,7.124,452.26,4.001,15.74,0,2026-09-02,96.71166666666666,94.8915,8,0
2026-09-03,307,9,3,48,0.9208,916.37,458.19,458.19,600.84,310.35,119.85,78.24,92.39,850.52,781.39,0.9187,536.16,1000.0,11.66,8.36,7.555,394.97,3.811,15.99,0,2026-09-03,97.15433333333334,95.42983333333332,9,0
2026-09-04,308,9,4,57,0.921,1132.17,566.09,566.09,834.84,378.97,215.14,99.04,141.68,739.44,621.46,0.8404,581.78,1000.0,12.66,8.76,7.334,407.04,6.211,17.34,0,2026-09-04,96.59249999999999,95.93116666666667,10,0
2026-09-05,309,9,5,39,0.9212,666.16,333.08,333.08,523.85,231.74,101.53,91.79,98.79,609.44,529.76,0.8693,454.7,1000.0,9.6,8.28,6.983,398.08,6.812,14.84,0,2026-09-05,96.31833333333333,94.91166666666668,7,0
2026-09-06,310,9,6,45,0.9215,755.84,377.92,377.92,494.85,250.29,71.84,91.84,80.88,581.77,511.24,0.8788,434.39,1000.0,10.71,7.38,6.876,458.94,4.968,14.11,0,2026-09-06,96.79866666666668,95.2305,7,0
2026-09-07,311,9,0,54,0.9218,1034.56,517.28,517.28,650.06,322.81,109.43,79.78,138.04,908.17,794.16,0.8745,553.43,1000.0,11.55,7.75,7.27,443.08,4.681,16.02,0,2026-09-07,96.60633333333334,93.99333333333334,12,0
2026-09-08,312,9,1,52,0.9221,1074.17,540.01,534.16,635.93,307.0,103.37,115.39,110.16,691.83,600.81,0.8684,534.16,1000.0,10.7,8.2,7.271,413.35,5.008,14.21,0,2026-09-08,96.5775,95.01400000000001,6,0
2026-09-09,313,9,2,52,0.9224,988.3,494.15,494.15,646.06,298.01,141.26,94.31,112.48,681.84,592.22,0.8686,538.69,1000.0,12.46,7.48,7.218,444.61,2.772,14.02,0,2026-09-09,96.55416666666667,93.8775,7,0
2026-09-10,314,9,3,49,0.9227,922.29,461.15,461.15,563.09,299.71,87.81,97.37,78.19,721.71,644.01,0.8923,499.23,1000.0,10.9,8.11,7.116,486.47,5.591,14.9,0,2026-09-10,96.24183333333333,95.44333333333333,10,0
2026-09-11,315,9,4,50,0.9231,967.52,483.76,483.76,669.34,328.93,146.98,84.69,108.74,613.47,537.41,0.876,498.56,1000.0,10.81,6.82,6.979,404.32,4.327,18.89,0,2026-09-11,96.33166666666666,95.25883333333333,11,0
2026-09-12,316,9,5,46,0.9235,879.83,439.92,439.92,669.04,279.25,153.45,97.25,139.09,734.78,645.9,0.879,564.73,1000.0,12.75,8.47,7.078,467.23,3.883,16.56,0,2026-09-12,94.96366666666667,93.16116666666666,11,1
2026-09-13,317,9,6,42,0.9239,660.67,330.34,330.34,577.68,247.28,144.35,90.41,95.65,695.25,629.59,0.9056,510.73,1000.0,11.89,8.32,6.97,452.22,4.626,14.3,0,2026-09-13,96.252,94.49916666666667,7,0
2026-09-14,318,9,0,57,0.9244,1132.96,598.49,534.47,629.4,355.75,74.27,92.22,107.16,749.83,668.23,0.8912,534.47,1000.0,12.95,6.9,7.309,538.96,4.362,15.78,0,2026-09-14,96.06349999999999,94.95083333333334,12,0
2026-09-15,319,9,1,53,0.9248,949.04,474.52,474.52,667.82,343.01,142.84,72.81,109.16,730.25,631.97,0.8654,570.58,1000.0,12.09,9.04,7.35,359.29,4.688,15.79,0,2026-09-15,96.46416666666666,95.137,8,0
2026-09-16,320,9,2,49,0.9253,1045.49,522.74,522.74,627.7,295.74,138.42,82.64,110.9,718.94,608.14,0.8459,544.2,1000.0,12.04,8.81,7.087,476.99,5.149,14.0,0,2026-09-16,96.00850000000001,94.76333333333334,10,1
2026-09-17,321,9,3,53,0.9258,1113.47,591.35,522.13,592.4,316.26,107.34,76.63,92.17,773.84,676.09,0.8737,522.13,1000.0,12.04,8.24,6.797,366.76,4.451,15.58,0,2026-09-17,96.33800000000001,94.46749999999999,8,1
2026-09-18,322,9,4,50,0.9263,952.25,476.12,476.12,575.5,245.23,131.0,91.43,107.85,792.39,684.12,0.8634,500.01,1000.0,11.84,7.69,7.018,394.78,3.37,16.72,0,2026-09-18,96.37266666666666,94.32733333333333,10,1
2026-09-19,323,9,5,40,0.9269,650.0,325.0,325.0,519.92,237.5,114.23,79.57,88.63,613.2,539.55,0.8799,457.88,1000.0,11.09,7.88,7.114,323.27,3.057,17.29,0,2026-09-19,95.82616666666667,95.23933333333333,7,1
2026-09-20,324,9,6,41,0.9274,742.94,371.47,371.47,569.05,256.2,134.7,77.1,101.06,611.95,549.25,0.8975,492.37,1000.0,12.18,7.66,7.338,501.38,3.95,17.89,0,2026-09-20,95.84166666666665,94.37599999999999,10,1
2026-09-21,325,9,0,53,0.928,1039.33,519.66,519.66,665.52,305.34,142.44,104.37,113.37,758.12,663.12,0.8747,585.44,1000.0,13.88,9.25,6.837,454.12,5.092,17.67,0,2026-09-21,95.89766666666667,94.11266666666667,10,1
2026-09-22,326,9,1,50,0.9286,1007.27,503.63,503.63,634.6,324.12,132.26,77.27,100.95,835.49,753.75,0.9022,563.93,1000.0,12.02,9.7,6.855,334.15,4.317,18.25,0,2026-09-22,96.27983333333333,93.98283333333335,9,1
2026-09-23,327,9,2,56,0.9293,1193.52,612.65,580.87,672.61,342.57,115.23,83.76,131.06,809.91,761.31,0.94,580.87,1000.0,12.48,8.32,7.29,379.79,4.641,15.97,0,2026-09-23,95.83999999999999,93.758,9,2
2026-09-24,328,9,3,54,0.9299,1174.12,609.42,564.7,653.56,321.0,156.27,95.55,80.74,719.21,612.99,0.8523,564.7,1000.0,11.82,8.33,7.332,395.47,3.132,16.25,0,2026-09-24,95.91266666666667,94.21466666666667,6,2
2026-09-25,329,9,4,51,0.9306,935.45,467.72,467.72,619.33,306.15,96.25,96.88,120.05,686.1,562.85,0.8204,501.97,1000.0,11.66,7.89,7.164,534.64,5.267,15.92,0,2026-09-25,96.47883333333334,94.647,12,2
2026-09-26,330,9,5,41,0.9313,872.72,436.36,436.36,620.08,288.31,175.55,73.78,82.44,624.43,555.3,0.8893,519.79,999.54,11.74,8.06,7.23,449.21,4.298,14.0,0,2026-09-26,96.0385,93.43516666666666,8,2
2026-09-27,331,9,6,43,0.932,744.7,372.35,372.35,611.04,294.07,127.71,90.14,99.12,669.91,595.11,0.8883,534.44,999.54,12.09,7.84,7.113,395.25,3.965,15.45,0,2026-09-27,95.8865,93.42033333333332,7,2
2026-09-28,332,9,0,54,0.9328,1158.62,608.66,549.96,635.24,310.65,118.88,83.88,121.82,891.05,739.03,0.8294,549.96,1000.0,11.9,7.56,7.033,512.95,4.006,16.74,0,2026-09-28,96.00516666666665,94.19633333333333,15,2
2026-09-29,333,9,1,53,0.9335,1060.66,530.33,530.33,654.79,302.99,149.51,92.44,109.86,728.9,610.6,0.8377,555.27,1000.0,11.44,8.26,6.83,496.93,5.271,15.44,0,2026-09-29,95.65249999999999,94.041,10,2
2026-09-30,334,9,2,53,0.9343,955.5,477.75,477.75,667.26,327.99,114.97,86.42,137.88,703.38,579.57,0.824,522.44,1000.0,10.23,8.51,6.842,412.16,4.602,16.74,0,2026-09-30,95.79116666666665,92.413,9,2
2026-10-01,335,10,3,52,0.9351,1070.25,535.13,535.13,626.14,310.95,141.4,76.37,97.41,756.07,710.71,0.94,557.95,1000.0,13.6,7.65,6.947,455.93,5.208,16.71,0,2026-10-01,95.72266666666667,93.8325,10,2
2026-10-02,336,10,4,52,0.9359,1029.51,600.83,428.69,521.51,284.59,45.09,72.63,119.21,671.5,591.87,0.8814,428.69,1000.0,10.16,6.12,7.065,325.74,3.935,14.88,0,2026-10-02,95.5415,93.74033333333334,10,2
2026-10-03,337,10,5,46,0.9367,789.89,394.94,394.94,587.52,286.25,117.03,76.23,108.01,598.18,525.06,0.8778,477.81,1000.0,11.49,6.63,7.197,388.62,4.351,15.37,0,2026-10-03,94.60816666666666,93.66016666666667,10,2
2026-10-04,338,10,6,47,0.9376,724.12,362.06,362.06,553.99,283.91,66.53,102.04,101.51,773.16,677.85,0.8767,482.74,1000.0,10.67,7.24,7.08,440.84,2.64,17.17,0,2026-10-04,95.5595,93.9765,12,2
2026-10-05,339,10,0,48,0.9384,953.1,487.67,465.43,558.47,249.95,102.34,73.27,132.92,714.97,637.33,0.8914,465.43,1000.0,9.57,6.09,6.832,493.46,6.184,16.2,0,2026-10-05,95.51333333333334,94.319,12,2
2026-10-06,340,10,1,51,0.9393,1060.81,547.57,513.24,595.5,289.3,113.08,75.6,117.52,726.06,653.71,0.9004,513.24,1000.0,11.2,7.49,6.929,383.5,3.292,17.24,0,2026-10-06,95.4155,93.41016666666667,9,2
2026-10-07,341,10,2,60,0.9402,1156.74,578.37,578.37,670.12,323.79,111.16,109.26,125.91,931.56,850.09,0.9125,581.99,1000.0,13.87,9.58,6.918,373.22,4.322,15.95,0,2026-10-07,96.02183333333333,93.58183333333334,12,2
2026-10-08,342,10,3,49,0.9412,918.03,459.02,459.02,574.19,277.15,88.57,101.85,106.63,695.25,617.84,0.8887,499.55,1000.0,10.38,8.64,7.074,444.26,3.787,15.53,0,2026-10-08,95.47266666666667,93.2835,9,2
2026-10-09,343,10,4,46,0.9421,906.52,453.26,453.26,624.26,246.57,164.56,92.77,120.36,589.33,520.97,0.884,482.53,998.03,11.99,7.93,6.812,409.46,3.198,18.34,0,2026-10-09,95.79416666666667,93.40766666666667,11,2
2026-10-10,344,10,5,45,0.9431,704.02,352.01,352.01,562.21,279.46,94.9,89.53,98.32,610.63,528.56,0.8656,472.98,998.03,10.72,7.17,7.109,360.31,3.493,17.99,0,2026-10-10,95.3975,92.80799999999999,11,2
2026-10-11,345,10,6,43,0.944,725.53,362.76,362.76,507.07,243.01,72.49,95.58,95.99,541.71,458.74,0.8468,407.04,1000.0,9.12,6.25,7.216,457.22,4.317,15.02,0,2026-10-11,95.18816666666667,93.59533333333333,12,2
2026-10-12,346,10,0,55,0.945,1136.26,599.85,536.41,614.13,280.18,136.03,86.89,111.03,924.82,804.11,0.8695,536.41,1000.0,11.18,8.71,6.479,459.03,5.575,16.08,0,2026-10-12,95.17166666666667,93.31566666666667,10,2
2026-10-13,347,10,1,58,0.946,1071.56,535.78,535.78,649.98,322.23,106.91,93.32,127.52,844.48,730.39,0.8649,560.71,1000.0,13.02,7.82,7.0,370.14,5.037,17.26,0,2026-10-13,95.00150000000001,92.64999999999999,9,2
2026-10-14,348,10,2,56,0.9471,1077.06,540.21,536.86,616.46,303.28,112.0,87.46,113.72,986.8,878.35,0.8901,536.86,1000.0,11.2,8.23,7.216,393.27,4.282,16.13,0,2026-10-14,95.33933333333334,93.01833333333333,13,3
2026-10-15,349,10,3,50,0.9481,1099.53,549.76,549.76,686.55,336.96,155.02,70.69,123.88,737.71,625.92,0.8485,573.61,1000.0,13.77,9.52,7.001,340.51,4.03,16.34,0,2026-10-15,95.42533333333334,93.62233333333334,11,3
2026-10-16,350,10,4,56,0.9492,1178.48,589.24,589.24,716.88,338.19,175.48,88.67,114.55,878.64,770.84,0.8773,636.7,1000.0,14.25,9.73,7.099,399.31,6.347,16.96,0,2026-10-16,94.93583333333333,93.71499999999999,12,3
2026-10-17,351,10,5,44,0.9502,792.15,396.07,396.07,544.96,251.87,91.96,94.7,106.42,600.11,552.49,0.9206,470.46,1000.0,11.3,6.08,6.966,451.29,4.973,17.59,0,2026-10-17,95.182,93.59216666666667,12,3
2026-10-18,352,10,6,41,0.9513,694.22,347.11,347.11,567.32,262.23,125.63,81.54,97.92,530.69,449.81,0.8476,418.21,1000.0,8.75,6.93,7.323,372.38,5.925,17.58,0,2026-10-18,95.18916666666667,92.82166666666667,10,3
2026-10-19,353,10,0,47,0.9524,1042.34,521.17,521.17,676.68,315.94,168.04,62.4,130.29,780.72,675.1,0.8647,585.0,1000.0,13.91,8.65,6.886,354.37,5.672,17.7,0,2026-10-19,95.02433333333333,92.87783333333334,14,3
2026-10-20,354,10,1,53,0.9535,1133.21,566.6,566.6,646.5,309.7,150.2,80.18,106.42,894.39,768.37,0.8591,572.0,1000.0,13.1,8.89,7.328,320.98,4.643,17.24,0,2026-10-20,94.75816666666667,93.031,9,3
2026-10-21,355,10,2,48,0.9547,1008.75,504.37,504.37,636.59,282.99,151.79,85.66,116.15,738.3,640.51,0.8675,555.29,1000.0,12.1,7.92,6.942,467.67,2.802,17.66,0,2026-10-21,95.15966666666667,92.87983333333334,11,3
2026-10-22,356,10,3,51,0.9558,1034.15,517.08,517.08,615.08,314.35,100.97,106.51,93.25,862.87,768.83,0.891,545.16,1000.0,13.45,7.89,6.995,459.55,4.749,17.97,0,2026-10-22,94.802,93.41733333333333,12,3
2026-10-23,357,10,4,52,0.957,1024.41,512.2,512.2,677.16,329.08,155.71,91.2,101.16,655.2,568.62,0.8679,527.59,1000.0,12.24,8.7,7.011,457.58,5.522,18.4,0,2026-10-23,95.0725,92.807,15,3
2026-10-24,358,10,5,44,0.9581,786.39,393.19,393.19,608.48,288.82,134.39,93.94,91.33,545.27,486.72,0.8926,451.99,1000.0,11.1,6.39,6.99,325.42,5.705,18.54,0,2026-10-24,93.71050000000001,92.65683333333334,10,3
2026-10-25,359,10,6,43,0.9593,776.43,388.21,388.21,648.21,275.14,171.21,91.17,110.69,611.17,546.28,0.8938,510.22,1000.0,11.61,7.09,7.078,496.92,4.074,16.92,0,2026-10-25,94.96716666666667,92.27283333333332,12,3
2026-10-26,360,10,0,50,0.9605,948.66,474.33,474.33,565.92,270.49,91.45,102.63,101.35,746.95,637.34,0.8533,494.53,1000.0,10.58,7.02,7.26,489.26,1.201,17.22,0,2026-10-26,94.974,93.24833333333333,15,3
2026-10-27,361,10,1,51,0.9617,929.1,464.55,464.55,653.98,316.62,164.39,73.7,99.27,798.81,665.45,0.8331,584.49,1000.0,12.05,9.07,7.11,388.96,5.477,17.94,0,2026-10-27,94.7265,92.94016666666666,11,3
2026-10-28,362,10,2,51,0.9629,1155.22,577.61,577.61,728.54,323.91,181.16,123.47,100.0,829.65,728.5,0.8781,650.3,1000.0,14.77,9.64,7.033,485.95,4.631,17.23,0,2026-10-28,94.99,92.282,16,3
2026-10-29,363,10,3,48,0.9641,1020.5,510.25,510.25,627.33,266.88,146.85,111.16,102.45,761.88,649.64,0.8527,552.57,1000.0,12.37,9.85,7.369,372.08,3.763,16.27,1,2026-10-29,94.88016666666665,92.68066666666668,10,3
2026-10-30,364,10,4,48,0.9654,991.59,495.79,495.79,665.53,305.52,134.36,98.49,127.15,685.75,623.39,0.9091,559.16,1000.0,13.27,7.76,6.73,413.11,3.848,19.77,0,2026-10-30,95.04449999999999,92.373,12,3
2026-10-31,365,10,5,47,0.9666,775.03,411.15,363.88,548.22,256.83,118.42,89.86,83.11,532.0,388.7,0.7306,363.88,1000.0,8.03,5.43,7.096,387.83,4.766,18.28,1,2026-10-31,93.53966666666668,92.18833333333333,15,3
